respondent_id,brand,image
R001,Our Store,cute
R001,Our Store,affordable
R001,Brand A,affordable
R001,Brand A,classic
R001,Brand D,cute
R001,Brand D,eco_friendly
R001,Brand D,unique
R002,Our Store,unique
R002,Brand A,affordable
R002,Brand A,classic
R002,Brand A,functional
R002,Brand B,affordable
R002,Brand B,trendy
R002,Brand C,functional
R002,Brand C,unique
R002,Brand D,functional
R003,Our Store,trendy
R003,Brand A,affordable
R003,Brand A,functional
R003,Brand B,trendy
R003,Brand C,classic
R003,Brand D,functional
R004,Our Store,cute
R004,Our Store,affordable
R004,Brand A,functional
R004,Brand A,unique
R004,Brand B,cute
R004,Brand C,luxurious
R004,Brand C,unique
R004,Brand D,classic
R004,Brand D,eco_friendly
R005,Our Store,affordable
R005,Our Store,classic
R005,Brand A,classic
R005,Brand B,cute
R005,Brand B,trendy
R005,Brand B,classic
R005,Brand C,luxurious
R005,Brand D,functional
R006,Our Store,cute
R006,Brand A,classic
R006,Brand B,luxurious
R006,Brand C,luxurious
R006,Brand D,eco_friendly
R007,Our Store,luxurious
R007,Brand A,affordable
R007,Brand B,trendy
R008,Our Store,cute
R008,Our Store,trendy
R008,Our Store,unique
R008,Brand A,functional
R008,Brand B,cute
R008,Brand B,affordable
R008,Brand B,trendy
R008,Brand D,classic
R008,Brand D,functional
R009,Brand C,luxurious
R009,Brand C,unique
R010,Our Store,cute
R010,Our Store,luxurious
R010,Brand A,affordable
R010,Brand A,functional
R010,Brand C,luxurious
R010,Brand C,unique
R010,Brand D,luxurious
R011,Our Store,cute
R011,Our Store,unique
R011,Brand A,affordable
R011,Brand A,trendy
R011,Brand A,classic
R011,Brand A,functional
R011,Brand B,luxurious
R011,Brand C,luxurious
R012,Our Store,cute
R012,Our Store,unique
R012,Brand A,cute
R012,Brand A,affordable
R012,Brand A,classic
R012,Brand B,affordable
R012,Brand D,classic
R013,Our Store,cute
R013,Our Store,trendy
R013,Our Store,eco_friendly
R013,Brand A,classic
R013,Brand B,trendy
R013,Brand D,cute
R013,Brand D,eco_friendly
R013,Brand D,functional
R014,Brand B,affordable
R014,Brand B,trendy
R014,Brand D,classic
R014,Brand D,eco_friendly
R015,Our Store,unique
R015,Brand A,classic
R015,Brand A,functional
R015,Brand D,classic
R016,Our Store,luxurious
R016,Our Store,trendy
R016,Brand A,functional
R016,Brand B,cute
R016,Brand B,trendy
R016,Brand B,unique
R016,Brand C,trendy
R016,Brand C,functional
R016,Brand D,eco_friendly
R017,Brand B,affordable
R017,Brand C,unique
R017,Brand D,classic
R017,Brand D,functional
R017,Brand D,unique
R018,Brand A,affordable
R018,Brand B,trendy
R018,Brand C,luxurious
R018,Brand C,trendy
R018,Brand C,classic
R018,Brand D,classic
R018,Brand D,functional
R019,Our Store,cute
R019,Brand B,affordable
R019,Brand D,luxurious
R020,Brand B,cute
R020,Brand B,affordable
R020,Brand B,functional
R020,Brand C,luxurious
R020,Brand C,trendy
R020,Brand D,affordable
R020,Brand D,classic
R020,Brand D,eco_friendly
R021,Our Store,cute
R021,Brand A,classic
R021,Brand C,unique
R021,Brand D,eco_friendly
R021,Brand D,functional
R022,Our Store,cute
R022,Our Store,affordable
R022,Our Store,functional
R022,Brand B,affordable
R022,Brand C,luxurious
R022,Brand C,trendy
R022,Brand C,unique
R022,Brand D,eco_friendly
R023,Brand A,classic
R023,Brand A,functional
R023,Brand B,cute
R023,Brand B,affordable
R023,Brand D,trendy
R024,Brand A,luxurious
R024,Brand A,affordable
R024,Brand A,classic
R024,Brand A,functional
R024,Brand B,affordable
R025,Brand A,cute
R025,Brand A,affordable
R025,Brand A,classic
R025,Brand B,cute
R025,Brand B,affordable
R025,Brand B,trendy
R026,Brand A,classic
R026,Brand B,affordable
R026,Brand C,luxurious
R027,Brand A,classic
R027,Brand A,functional
R027,Brand B,cute
R027,Brand B,trendy
R027,Brand D,eco_friendly
R028,Our Store,cute
R028,Brand A,affordable
R028,Brand A,classic
R028,Brand A,eco_friendly
R028,Brand A,functional
R028,Brand B,cute
R028,Brand C,cute
R028,Brand C,luxurious
R028,Brand C,trendy
R028,Brand D,luxurious
R028,Brand D,eco_friendly
R029,Brand B,cute
R029,Brand B,trendy
R029,Brand C,eco_friendly
R029,Brand C,unique
R029,Brand D,classic
R030,Our Store,trendy
R030,Brand B,cute
R030,Brand B,eco_friendly
R030,Brand C,unique
R030,Brand D,eco_friendly
R030,Brand D,unique
R031,Our Store,cute
R031,Our Store,classic
R031,Our Store,unique
R031,Brand A,classic
R031,Brand B,trendy
R031,Brand C,luxurious
R031,Brand C,trendy
R031,Brand C,unique
R031,Brand D,affordable
R031,Brand D,classic
R032,Our Store,affordable
R032,Our Store,unique
R032,Brand A,classic
R032,Brand B,cute
R032,Brand B,trendy
R032,Brand D,eco_friendly
R033,Our Store,cute
R033,Our Store,affordable
R033,Our Store,unique
R033,Brand B,cute
R033,Brand B,affordable
R033,Brand B,trendy
R034,Our Store,classic
R034,Brand A,cute
R034,Brand B,cute
R034,Brand C,luxurious
R035,Our Store,cute
R035,Our Store,unique
R035,Brand B,luxurious
R035,Brand B,unique
R035,Brand D,eco_friendly
R036,Our Store,trendy
R036,Our Store,eco_friendly
R036,Brand A,affordable
R036,Brand A,classic
R036,Brand B,cute
R036,Brand B,affordable
R036,Brand C,unique
R037,Our Store,classic
R037,Brand A,cute
R037,Brand A,affordable
R037,Brand B,cute
R037,Brand B,affordable
R037,Brand B,trendy
R037,Brand C,luxurious
R037,Brand C,functional
R037,Brand D,classic
R037,Brand D,eco_friendly
R037,Brand D,functional
R038,Brand A,affordable
R038,Brand C,luxurious
R038,Brand C,trendy
R038,Brand C,unique
R039,Brand B,affordable
R039,Brand C,luxurious
R039,Brand C,unique
R040,Our Store,classic
R040,Brand A,trendy
R040,Brand A,functional
R040,Brand C,trendy
R040,Brand C,classic
R040,Brand C,unique
R040,Brand D,luxurious
R040,Brand D,eco_friendly
R041,Our Store,cute
R041,Our Store,trendy
R041,Brand A,classic
R041,Brand A,functional
R041,Brand B,cute
R041,Brand B,trendy
R041,Brand C,unique
R042,Our Store,trendy
R042,Brand A,functional
R042,Brand B,cute
R042,Brand B,affordable
R042,Brand C,luxurious
R042,Brand C,functional
R042,Brand C,unique
R043,Our Store,cute
R043,Brand B,luxurious
R043,Brand B,affordable
R043,Brand B,trendy
R043,Brand C,luxurious
R043,Brand C,functional
R043,Brand D,functional
R044,Brand A,affordable
R044,Brand A,classic
R044,Brand B,cute
R044,Brand B,trendy
R044,Brand C,luxurious
R044,Brand C,eco_friendly
R044,Brand D,cute
R044,Brand D,classic
R044,Brand D,functional
R045,Our Store,cute
R045,Brand A,affordable
R045,Brand A,classic
R045,Brand A,eco_friendly
R045,Brand A,functional
R045,Brand C,luxurious
R046,Brand A,affordable
R046,Brand B,affordable
R046,Brand B,trendy
R047,Our Store,cute
R047,Brand A,classic
R047,Brand B,cute
R047,Brand B,affordable
R047,Brand B,trendy
R047,Brand C,luxurious
R047,Brand C,trendy
R047,Brand C,classic
R048,Our Store,cute
R048,Our Store,trendy
R048,Our Store,unique
R048,Brand A,functional
R048,Brand B,affordable
R048,Brand B,functional
R048,Brand C,unique
R049,Our Store,cute
R049,Our Store,trendy
R049,Brand B,affordable
R049,Brand B,trendy
R049,Brand C,luxurious
R050,Brand A,functional
R050,Brand A,unique
R050,Brand B,luxurious
R050,Brand B,affordable
R050,Brand B,trendy
R050,Brand C,trendy
R050,Brand D,luxurious
R050,Brand D,eco_friendly
R050,Brand D,functional
R051,Our Store,cute
R051,Brand A,classic
R051,Brand C,functional
R051,Brand D,classic
R052,Our Store,cute
R052,Brand A,classic
R052,Brand A,functional
R052,Brand B,affordable
R052,Brand B,trendy
R052,Brand B,unique
R053,Our Store,cute
R053,Our Store,luxurious
R053,Our Store,trendy
R053,Brand A,affordable
R053,Brand B,affordable
R053,Brand B,trendy
R053,Brand C,trendy
R053,Brand D,luxurious
R053,Brand D,functional
R054,Our Store,trendy
R054,Brand A,affordable
R054,Brand A,classic
R054,Brand B,affordable
R054,Brand B,trendy
R054,Brand C,luxurious
R055,Our Store,cute
R055,Brand A,classic
R055,Brand B,trendy
R055,Brand D,classic
R055,Brand D,eco_friendly
R056,Our Store,cute
R056,Our Store,unique
R056,Brand A,affordable
R056,Brand A,classic
R056,Brand A,functional
R056,Brand B,luxurious
R056,Brand B,trendy
R056,Brand D,eco_friendly
R057,Our Store,unique
R057,Brand C,trendy
R057,Brand C,unique
R057,Brand D,eco_friendly
R058,Brand A,functional
R058,Brand B,trendy
R058,Brand C,luxurious
R058,Brand D,affordable
R058,Brand D,classic
R059,Our Store,cute
R059,Our Store,affordable
R059,Brand A,functional
R059,Brand B,affordable
R059,Brand C,functional
R059,Brand D,luxurious
R059,Brand D,eco_friendly
R059,Brand D,functional
R060,Our Store,cute
R060,Brand A,eco_friendly
R060,Brand B,unique
R060,Brand C,luxurious
R060,Brand D,cute
R060,Brand D,eco_friendly
R061,Our Store,eco_friendly
R061,Brand A,affordable
R061,Brand B,cute
R061,Brand C,unique
R062,Brand A,classic
R062,Brand B,luxurious
R062,Brand B,affordable
R062,Brand B,functional
R062,Brand C,luxurious
R062,Brand C,unique
R062,Brand D,eco_friendly
R062,Brand D,functional
R063,Our Store,eco_friendly
R063,Brand A,affordable
R063,Brand B,trendy
R063,Brand C,luxurious
R063,Brand C,unique
R064,Brand A,affordable
R064,Brand A,functional
R064,Brand B,affordable
R064,Brand C,functional
R064,Brand D,affordable
R064,Brand D,eco_friendly
R065,Our Store,cute
R065,Brand A,classic
R065,Brand C,trendy
R065,Brand D,affordable
R065,Brand D,eco_friendly
R066,Brand A,trendy
R066,Brand A,classic
R066,Brand B,cute
R066,Brand B,unique
R066,Brand C,luxurious
R066,Brand D,classic
R066,Brand D,eco_friendly
R067,Our Store,cute
R067,Our Store,affordable
R067,Our Store,trendy
R067,Brand A,functional
R067,Brand B,affordable
R067,Brand B,trendy
R067,Brand C,classic
R067,Brand C,functional
R067,Brand C,unique
R067,Brand D,cute
R067,Brand D,trendy
R067,Brand D,functional
R068,Our Store,trendy
R068,Brand A,affordable
R068,Brand A,functional
R068,Brand B,unique
R068,Brand D,luxurious
R068,Brand D,eco_friendly
R069,Our Store,cute
R069,Our Store,eco_friendly
R069,Our Store,unique
R069,Brand B,affordable
R069,Brand C,unique
R070,Brand A,classic
R070,Brand B,affordable
R070,Brand B,trendy
R070,Brand C,luxurious
R070,Brand C,unique
R070,Brand D,classic
R070,Brand D,eco_friendly
R071,Our Store,eco_friendly
R071,Brand B,cute
R071,Brand B,affordable
R071,Brand B,trendy
R071,Brand B,functional
R071,Brand C,luxurious
R071,Brand C,unique
R071,Brand D,trendy
R072,Brand A,affordable
R072,Brand A,functional
R072,Brand B,cute
R072,Brand B,affordable
R073,Our Store,trendy
R073,Brand B,cute
R073,Brand B,affordable
R073,Brand B,classic
R073,Brand C,luxurious
R073,Brand C,trendy
R074,Our Store,unique
R074,Brand A,affordable
R074,Brand B,cute
R074,Brand C,luxurious
R074,Brand C,trendy
R074,Brand C,unique
R074,Brand D,cute
R074,Brand D,classic
R074,Brand D,eco_friendly
R075,Brand A,affordable
R075,Brand A,classic
R075,Brand A,functional
R075,Brand B,cute
R075,Brand C,unique
R075,Brand D,affordable
R075,Brand D,eco_friendly
R076,Our Store,affordable
R076,Our Store,unique
R076,Brand A,affordable
R076,Brand A,trendy
R076,Brand A,classic
R076,Brand A,unique
R076,Brand B,cute
R076,Brand B,trendy
R076,Brand D,cute
R076,Brand D,trendy
R077,Our Store,cute
R077,Our Store,trendy
R077,Our Store,eco_friendly
R077,Our Store,unique
R077,Brand A,affordable
R077,Brand A,trendy
R077,Brand B,affordable
R077,Brand B,functional
R077,Brand B,unique
R077,Brand C,luxurious
R077,Brand D,classic
R077,Brand D,eco_friendly
R078,Our Store,cute
R078,Our Store,classic
R078,Brand B,trendy
R078,Brand C,functional
R079,Our Store,cute
R079,Our Store,trendy
R079,Brand B,affordable
R079,Brand C,unique
R079,Brand D,affordable
R079,Brand D,classic
R079,Brand D,eco_friendly
R080,Brand B,cute
R080,Brand B,trendy
R080,Brand C,luxurious
R080,Brand D,trendy
R080,Brand D,classic
R081,Our Store,affordable
R081,Our Store,trendy
R081,Brand B,trendy
R081,Brand C,affordable
R081,Brand C,classic
R081,Brand D,eco_friendly
R082,Our Store,trendy
R082,Brand A,functional
R082,Brand B,affordable
R082,Brand C,luxurious
R082,Brand C,trendy
R082,Brand D,eco_friendly
R083,Our Store,cute
R083,Our Store,affordable
R083,Our Store,functional
R083,Brand A,affordable
R083,Brand A,trendy
R083,Brand A,eco_friendly
R083,Brand B,unique
R083,Brand D,eco_friendly
R084,Our Store,functional
R084,Brand A,affordable
R084,Brand A,functional
R084,Brand C,luxurious
R084,Brand C,eco_friendly
R084,Brand D,luxurious
R084,Brand D,eco_friendly
R085,Our Store,luxurious
R085,Our Store,classic
R085,Brand B,trendy
R085,Brand C,luxurious
R085,Brand D,eco_friendly
R086,Our Store,trendy
R086,Our Store,unique
R086,Brand A,classic
R086,Brand A,functional
R086,Brand B,affordable
R086,Brand B,trendy
R086,Brand C,trendy
R086,Brand C,eco_friendly
R086,Brand C,unique
R086,Brand D,classic
R087,Our Store,cute
R087,Brand B,trendy
R087,Brand C,luxurious
R087,Brand D,eco_friendly
R088,Our Store,cute
R088,Our Store,trendy
R088,Brand C,cute
R088,Brand C,eco_friendly
R088,Brand C,unique
R088,Brand D,classic
R088,Brand D,unique
R089,Our Store,cute
R089,Brand B,eco_friendly
R089,Brand B,unique
R089,Brand C,luxurious
R089,Brand C,trendy
R089,Brand C,unique
R090,Brand A,affordable
R090,Brand A,trendy
R090,Brand B,trendy
R090,Brand C,classic
R091,Our Store,trendy
R091,Our Store,unique
R091,Brand A,affordable
R091,Brand B,cute
R091,Brand B,affordable
R091,Brand C,luxurious
R091,Brand D,luxurious
R091,Brand D,trendy
R091,Brand D,classic
R091,Brand D,functional
R092,Brand A,affordable
R092,Brand A,classic
R092,Brand B,affordable
R092,Brand B,unique
R092,Brand C,cute
R092,Brand C,classic
R092,Brand C,functional
R092,Brand C,unique
R093,Our Store,cute
R093,Our Store,affordable
R093,Our Store,trendy
R093,Brand A,affordable
R093,Brand A,classic
R093,Brand B,trendy
R093,Brand B,unique
R093,Brand C,cute
R093,Brand D,luxurious
R094,Brand A,functional
R094,Brand B,cute
R094,Brand B,affordable
R094,Brand C,luxurious
R094,Brand C,classic
R094,Brand C,unique
R094,Brand D,cute
R094,Brand D,eco_friendly
R095,Brand A,cute
R095,Brand A,affordable
R095,Brand A,trendy
R095,Brand B,cute
R095,Brand C,luxurious
R095,Brand C,classic
R095,Brand C,functional
R095,Brand C,unique
R096,Our Store,trendy
R096,Our Store,eco_friendly
R096,Brand A,classic
R096,Brand B,trendy
R096,Brand C,cute
R096,Brand C,luxurious
R096,Brand C,trendy
R096,Brand D,classic
R097,Our Store,unique
R097,Brand A,affordable
R097,Brand A,functional
R097,Brand B,trendy
R097,Brand B,unique
R097,Brand C,luxurious
R097,Brand C,classic
R097,Brand D,eco_friendly
R097,Brand D,functional
R098,Our Store,trendy
R098,Our Store,unique
R098,Brand B,trendy
R098,Brand C,luxurious
R098,Brand D,luxurious
R098,Brand D,unique
R099,Our Store,affordable
R099,Our Store,trendy
R099,Brand A,functional
R099,Brand B,cute
R099,Brand B,affordable
R099,Brand D,affordable
R099,Brand D,functional
R100,Our Store,unique
R100,Brand A,cute
R100,Brand B,luxurious
R100,Brand C,luxurious
R100,Brand D,luxurious
R101,Brand A,affordable
R101,Brand B,cute
R101,Brand B,affordable
R101,Brand B,trendy
R101,Brand D,luxurious
R101,Brand D,eco_friendly
R102,Brand A,classic
R102,Brand A,functional
R102,Brand B,cute
R102,Brand B,affordable
R102,Brand B,trendy
R102,Brand C,trendy
R102,Brand C,unique
R102,Brand D,luxurious
R102,Brand D,classic
R102,Brand D,eco_friendly
R103,Brand A,affordable
R103,Brand A,classic
R103,Brand A,eco_friendly
R103,Brand B,affordable
R103,Brand B,unique
R103,Brand C,luxurious
R103,Brand D,cute
R103,Brand D,affordable
R103,Brand D,eco_friendly
R103,Brand D,functional
R104,Our Store,cute
R104,Our Store,functional
R104,Our Store,unique
R104,Brand B,affordable
R105,Our Store,cute
R105,Brand A,affordable
R105,Brand A,functional
R105,Brand B,cute
R105,Brand B,affordable
R106,Brand A,affordable
R106,Brand C,unique
R106,Brand D,luxurious
R106,Brand D,eco_friendly
R107,Our Store,luxurious
R107,Our Store,trendy
R107,Brand A,classic
R107,Brand B,trendy
R107,Brand C,cute
R107,Brand C,luxurious
R107,Brand C,unique
R108,Brand A,affordable
R108,Brand A,classic
R108,Brand B,affordable
R108,Brand C,trendy
R108,Brand D,eco_friendly
R109,Our Store,affordable
R109,Our Store,trendy
R109,Our Store,classic
R109,Brand B,cute
R109,Brand B,trendy
R109,Brand C,luxurious
R109,Brand D,functional
R110,Our Store,trendy
R110,Our Store,classic
R110,Brand C,unique
R110,Brand D,eco_friendly
R111,Our Store,eco_friendly
R111,Brand A,affordable
R111,Brand A,functional
R111,Brand B,cute
R111,Brand B,affordable
R111,Brand B,trendy
R111,Brand C,luxurious
R112,Our Store,trendy
R112,Brand B,affordable
R112,Brand B,trendy
R113,Our Store,cute
R113,Our Store,unique
R113,Brand A,classic
R113,Brand A,functional
R114,Brand A,affordable
R114,Brand B,trendy
R114,Brand C,trendy
R114,Brand C,unique
R114,Brand D,classic
R115,Brand A,affordable
R115,Brand A,functional
R115,Brand B,affordable
R115,Brand B,functional
R115,Brand C,cute
R115,Brand D,classic
R116,Our Store,cute
R116,Our Store,trendy
R116,Brand A,trendy
R116,Brand A,classic
R116,Brand A,eco_friendly
R116,Brand A,functional
R116,Brand B,trendy
R116,Brand C,luxurious
R116,Brand D,classic
R116,Brand D,eco_friendly
R117,Brand A,affordable
R117,Brand A,classic
R117,Brand B,affordable
R117,Brand B,classic
R117,Brand C,luxurious
R117,Brand D,eco_friendly
R117,Brand D,functional
R118,Brand A,affordable
R118,Brand A,functional
R118,Brand C,luxurious
R118,Brand C,trendy
R118,Brand C,functional
R118,Brand C,unique
R119,Our Store,affordable
R119,Our Store,trendy
R119,Our Store,unique
R119,Brand A,functional
R119,Brand B,cute
R119,Brand C,unique
R119,Brand D,luxurious
R119,Brand D,trendy
R119,Brand D,classic
R119,Brand D,eco_friendly
R119,Brand D,functional
R120,Brand A,classic
R120,Brand C,functional
R120,Brand D,classic
R121,Our Store,trendy
R121,Brand B,affordable
R121,Brand B,trendy
R121,Brand B,classic
R121,Brand D,functional
R121,Brand D,unique
R122,Brand A,classic
R122,Brand A,functional
R122,Brand B,trendy
R122,Brand B,unique
R122,Brand C,luxurious
R122,Brand D,eco_friendly
R122,Brand D,unique
R123,Our Store,cute
R123,Our Store,classic
R123,Our Store,unique
R123,Brand C,luxurious
R123,Brand C,unique
R123,Brand D,classic
R123,Brand D,functional
R124,Our Store,cute
R124,Our Store,trendy
R124,Brand A,affordable
R124,Brand A,trendy
R124,Brand C,trendy
R124,Brand C,unique
R124,Brand D,unique
R125,Our Store,trendy
R125,Brand A,classic
R125,Brand A,functional
R125,Brand C,unique
R125,Brand D,luxurious
R126,Our Store,trendy
R126,Brand A,cute
R126,Brand B,cute
R126,Brand B,affordable
R126,Brand B,trendy
R126,Brand C,cute
R126,Brand C,luxurious
R126,Brand C,classic
R126,Brand C,unique
R126,Brand D,luxurious
R126,Brand D,affordable
R126,Brand D,classic
R126,Brand D,functional
R127,Our Store,cute
R127,Brand B,cute
R127,Brand B,trendy
R127,Brand C,functional
R127,Brand C,unique
R127,Brand D,cute
R127,Brand D,functional
R128,Our Store,trendy
R128,Our Store,unique
R128,Brand A,classic
R128,Brand A,unique
R128,Brand B,trendy
R128,Brand C,cute
R128,Brand D,classic
R129,Brand A,trendy
R129,Brand B,cute
R129,Brand B,unique
R129,Brand C,trendy
R130,Our Store,unique
R130,Brand A,classic
R130,Brand B,cute
R130,Brand B,trendy
R130,Brand C,unique
R131,Brand B,unique
R131,Brand C,luxurious
R131,Brand D,cute
R131,Brand D,classic
R131,Brand D,eco_friendly
R131,Brand D,functional
R131,Brand D,unique
R132,Our Store,cute
R132,Brand A,affordable
R132,Brand A,classic
R133,Our Store,cute
R133,Our Store,affordable
R133,Brand B,trendy
R133,Brand D,luxurious
R133,Brand D,affordable
R133,Brand D,eco_friendly
R133,Brand D,functional
R134,Our Store,cute
R134,Our Store,trendy
R134,Brand A,functional
R134,Brand C,eco_friendly
R134,Brand D,classic
R134,Brand D,functional
R135,Our Store,unique
R135,Brand A,affordable
R135,Brand A,classic
R135,Brand A,functional
R135,Brand B,cute
R135,Brand B,affordable
R135,Brand B,classic
R135,Brand B,functional
R135,Brand C,cute
R135,Brand C,affordable
R135,Brand C,eco_friendly
R135,Brand D,luxurious
R135,Brand D,classic
R135,Brand D,eco_friendly
R135,Brand D,functional
R136,Our Store,trendy
R136,Our Store,unique
R136,Brand A,affordable
R136,Brand A,classic
R136,Brand B,cute
R136,Brand B,trendy
R136,Brand B,unique
R136,Brand C,trendy
R137,Our Store,affordable
R137,Our Store,trendy
R137,Our Store,classic
R137,Our Store,unique
R137,Brand A,affordable
R137,Brand A,classic
R137,Brand A,functional
R137,Brand B,cute
R137,Brand C,luxurious
R137,Brand C,affordable
R137,Brand D,cute
R137,Brand D,classic
R137,Brand D,eco_friendly
R137,Brand D,functional
R138,Our Store,cute
R138,Brand A,affordable
R138,Brand A,classic
R138,Brand C,unique
R138,Brand D,affordable
R138,Brand D,classic
R139,Our Store,affordable
R139,Our Store,trendy
R139,Brand B,trendy
R139,Brand C,luxurious
R139,Brand D,classic
R140,Brand A,affordable
R140,Brand B,affordable
R140,Brand C,trendy
R140,Brand C,unique
R141,Brand A,functional
R141,Brand B,unique
R141,Brand C,functional
R141,Brand D,eco_friendly
R141,Brand D,functional
R142,Brand A,functional
R142,Brand D,affordable
R142,Brand D,classic
R142,Brand D,eco_friendly
R143,Our Store,unique
R143,Brand A,luxurious
R143,Brand A,affordable
R143,Brand B,affordable
R143,Brand D,luxurious
R143,Brand D,classic
R143,Brand D,eco_friendly
R144,Our Store,cute
R144,Our Store,affordable
R144,Our Store,trendy
R144,Brand B,affordable
R144,Brand B,trendy
R144,Brand C,unique
R145,Brand A,affordable
R145,Brand A,functional
R145,Brand B,cute
R145,Brand B,affordable
R145,Brand D,luxurious
R145,Brand D,classic
R145,Brand D,eco_friendly
R146,Our Store,trendy
R146,Brand A,classic
R146,Brand B,affordable
R146,Brand B,trendy
R146,Brand B,functional
R146,Brand C,functional
R146,Brand D,luxurious
R146,Brand D,eco_friendly
R147,Our Store,unique
R147,Brand B,trendy
R147,Brand C,luxurious
R147,Brand C,trendy
R147,Brand C,unique
R147,Brand D,eco_friendly
R148,Brand B,affordable
R148,Brand C,luxurious
R148,Brand C,unique
R148,Brand D,eco_friendly
R149,Our Store,classic
R149,Brand A,affordable
R149,Brand A,trendy
R149,Brand B,cute
R149,Brand C,classic
R150,Our Store,cute
R150,Our Store,affordable
R150,Our Store,classic
R150,Brand A,cute
R150,Brand A,affordable
R150,Brand A,functional
R150,Brand B,classic
R150,Brand C,luxurious
R150,Brand C,trendy
R150,Brand C,classic
R150,Brand C,unique
R150,Brand D,classic
R151,Our Store,classic
R151,Brand A,affordable
R151,Brand C,luxurious
R151,Brand D,eco_friendly
R152,Our Store,cute
R152,Our Store,unique
R152,Brand A,functional
R152,Brand B,cute
R152,Brand B,trendy
R152,Brand C,affordable
R152,Brand C,eco_friendly
R152,Brand D,luxurious
R152,Brand D,classic
R152,Brand D,eco_friendly
R152,Brand D,functional
R152,Brand D,unique
R153,Brand A,affordable
R153,Brand B,cute
R153,Brand B,trendy
R153,Brand D,eco_friendly
R153,Brand D,unique
R154,Brand A,affordable
R154,Brand A,classic
R154,Brand B,trendy
R154,Brand B,functional
R154,Brand C,luxurious
R154,Brand D,affordable
R154,Brand D,classic
R154,Brand D,eco_friendly
R155,Our Store,classic
R155,Our Store,eco_friendly
R155,Our Store,unique
R155,Brand A,cute
R155,Brand A,affordable
R155,Brand A,functional
R155,Brand B,cute
R155,Brand D,cute
R155,Brand D,luxurious
R156,Our Store,cute
R156,Our Store,trendy
R156,Brand A,affordable
R156,Brand A,functional
R156,Brand B,trendy
R156,Brand B,classic
R156,Brand C,classic
R157,Our Store,cute
R157,Brand C,cute
R157,Brand C,luxurious
R157,Brand C,classic
R157,Brand C,unique
R157,Brand D,cute
R157,Brand D,unique
R158,Brand A,eco_friendly
R158,Brand A,functional
R158,Brand C,trendy
R158,Brand C,unique
R159,Brand A,affordable
R159,Brand A,classic
R159,Brand A,functional
R159,Brand B,affordable
R159,Brand C,unique
R160,Brand A,affordable
R160,Brand B,affordable
R160,Brand B,trendy
R160,Brand D,eco_friendly
R161,Brand A,classic
R161,Brand C,eco_friendly
R162,Our Store,trendy
R162,Our Store,eco_friendly
R162,Brand B,affordable
R162,Brand B,trendy
R163,Our Store,cute
R163,Our Store,trendy
R163,Brand A,affordable
R163,Brand A,classic
R163,Brand B,cute
R163,Brand B,affordable
R163,Brand C,luxurious
R164,Our Store,cute
R164,Our Store,eco_friendly
R164,Brand A,affordable
R164,Brand A,classic
R164,Brand B,trendy
R164,Brand C,luxurious
R164,Brand C,unique
R164,Brand D,classic
R165,Our Store,cute
R165,Brand A,affordable
R165,Brand A,classic
R165,Brand A,functional
R165,Brand B,affordable
R165,Brand B,trendy
R165,Brand C,cute
R165,Brand C,unique
R165,Brand D,cute
R166,Brand C,luxurious
R167,Brand C,luxurious
R167,Brand D,eco_friendly
R168,Brand A,luxurious
R168,Brand B,trendy
R168,Brand B,unique
R168,Brand C,luxurious
R168,Brand C,unique
R169,Our Store,cute
R169,Brand B,cute
R169,Brand B,affordable
R169,Brand D,classic
R169,Brand D,eco_friendly
R170,Our Store,cute
R170,Our Store,trendy
R170,Our Store,unique
R170,Brand A,affordable
R170,Brand A,functional
R170,Brand B,cute
R170,Brand B,affordable
R170,Brand B,unique
R170,Brand C,luxurious
R170,Brand C,eco_friendly
R170,Brand D,classic
R170,Brand D,eco_friendly
R171,Our Store,trendy
R171,Brand A,functional
R171,Brand B,cute
R171,Brand B,trendy
R171,Brand C,functional
R171,Brand D,trendy
R171,Brand D,eco_friendly
R172,Our Store,trendy
R172,Brand A,affordable
R172,Brand D,luxurious
R172,Brand D,unique
R173,Our Store,affordable
R173,Brand A,affordable
R173,Brand A,classic
R173,Brand B,classic
R173,Brand B,unique
R173,Brand D,luxurious
R173,Brand D,eco_friendly
R173,Brand D,unique
R174,Our Store,trendy
R174,Our Store,unique
R174,Brand A,trendy
R174,Brand A,functional
R174,Brand B,cute
R174,Brand B,trendy
R174,Brand D,classic
R174,Brand D,eco_friendly
R175,Our Store,cute
R175,Our Store,affordable
R175,Our Store,unique
R175,Brand C,luxurious
R175,Brand D,classic
R175,Brand D,eco_friendly
R175,Brand D,unique
R176,Our Store,affordable
R176,Our Store,trendy
R176,Our Store,unique
R176,Brand A,affordable
R176,Brand A,functional
R176,Brand B,cute
R176,Brand B,trendy
R176,Brand B,functional
R176,Brand C,eco_friendly
R177,Our Store,unique
R177,Brand B,cute
R177,Brand B,trendy
R177,Brand C,trendy
R177,Brand D,classic
R177,Brand D,eco_friendly
R178,Our Store,cute
R178,Our Store,affordable
R178,Our Store,classic
R178,Brand B,affordable
R178,Brand B,trendy
R178,Brand C,trendy
R178,Brand C,classic
R178,Brand C,functional
R178,Brand C,unique
R178,Brand D,classic
R178,Brand D,unique
R179,Brand B,cute
R179,Brand C,trendy
R179,Brand D,classic
R179,Brand D,eco_friendly
R180,Brand A,cute
R180,Brand A,affordable
R180,Brand A,trendy
R180,Brand A,classic
R180,Brand B,cute
R180,Brand B,affordable
R180,Brand B,trendy
R180,Brand B,functional
R180,Brand C,unique
R180,Brand D,eco_friendly
R180,Brand D,functional
R181,Our Store,affordable
R181,Brand A,affordable
R181,Brand A,classic
R181,Brand B,affordable
R181,Brand C,functional
R181,Brand D,classic
R181,Brand D,unique
R182,Our Store,cute
R182,Our Store,luxurious
R182,Our Store,affordable
R182,Our Store,unique
R182,Brand A,cute
R182,Brand A,affordable
R182,Brand A,classic
R182,Brand B,affordable
R182,Brand B,trendy
R182,Brand B,unique
R182,Brand C,luxurious
R182,Brand C,unique
R182,Brand D,eco_friendly
R183,Our Store,affordable
R183,Our Store,trendy
R183,Brand A,affordable
R183,Brand A,functional
R183,Brand C,eco_friendly
R183,Brand D,luxurious
R183,Brand D,eco_friendly
R183,Brand D,unique
R184,Brand A,functional
R184,Brand B,cute
R184,Brand C,unique
R184,Brand D,cute
R184,Brand D,classic
R184,Brand D,eco_friendly
R185,Our Store,trendy
R185,Our Store,unique
R185,Brand A,affordable
R185,Brand A,classic
R185,Brand B,affordable
R185,Brand C,luxurious
R185,Brand C,functional
R186,Our Store,luxurious
R186,Our Store,unique
R186,Brand A,affordable
R186,Brand B,cute
R186,Brand B,affordable
R186,Brand B,trendy
R186,Brand B,classic
R186,Brand D,classic
R186,Brand D,eco_friendly
R187,Brand B,cute
R187,Brand D,eco_friendly
R188,Our Store,cute
R188,Our Store,classic
R188,Our Store,unique
R188,Brand A,cute
R188,Brand A,classic
R188,Brand A,functional
R188,Brand B,cute
R188,Brand B,luxurious
R188,Brand B,affordable
R188,Brand C,unique
R188,Brand D,classic
R189,Brand B,affordable
R189,Brand C,cute
R189,Brand C,luxurious
R189,Brand C,trendy
R189,Brand C,unique
R189,Brand D,cute
R190,Our Store,cute
R190,Our Store,trendy
R190,Brand B,cute
R190,Brand B,affordable
R190,Brand B,trendy
R190,Brand C,luxurious
R190,Brand C,unique
R190,Brand D,classic
R191,Our Store,trendy
R191,Brand A,functional
R191,Brand B,affordable
R191,Brand B,trendy
R191,Brand D,luxurious
R191,Brand D,classic
R191,Brand D,eco_friendly
R192,Our Store,unique
R192,Brand A,cute
R192,Brand A,classic
R192,Brand B,affordable
R192,Brand C,trendy
R192,Brand D,cute
R193,Our Store,trendy
R193,Brand A,cute
R193,Brand A,classic
R193,Brand B,affordable
R193,Brand C,luxurious
R193,Brand C,unique
R193,Brand D,eco_friendly
R194,Brand A,affordable
R194,Brand A,functional
R194,Brand C,cute
R194,Brand C,unique
R194,Brand D,trendy
R194,Brand D,functional
R195,Brand C,luxurious
R195,Brand C,affordable
R195,Brand D,classic
R195,Brand D,eco_friendly
R196,Brand A,affordable
R196,Brand A,functional
R196,Brand B,cute
R196,Brand B,trendy
R196,Brand C,eco_friendly
R196,Brand C,unique
R196,Brand D,classic
R197,Our Store,trendy
R197,Brand B,cute
R197,Brand B,affordable
R197,Brand D,cute
R197,Brand D,eco_friendly
R198,Our Store,functional
R198,Our Store,unique
R198,Brand C,unique
R198,Brand D,eco_friendly
R199,Our Store,cute
R199,Our Store,trendy
R199,Our Store,eco_friendly
R199,Our Store,unique
R199,Brand A,functional
R199,Brand D,functional
R200,Our Store,cute
R200,Brand A,classic
R200,Brand B,affordable
R200,Brand B,trendy
R200,Brand B,unique
R200,Brand C,luxurious
R200,Brand C,unique
R200,Brand D,eco_friendly
R201,Our Store,eco_friendly
R201,Brand A,affordable
R201,Brand A,classic
R201,Brand B,cute
R201,Brand B,affordable
R201,Brand C,cute
R201,Brand C,unique
R201,Brand D,eco_friendly
R201,Brand D,unique
R202,Our Store,cute
R202,Our Store,affordable
R202,Our Store,trendy
R202,Our Store,eco_friendly
R202,Brand A,affordable
R202,Brand B,cute
R202,Brand B,affordable
R202,Brand B,trendy
R202,Brand C,luxurious
R202,Brand C,trendy
R203,Brand A,affordable
R203,Brand A,classic
R203,Brand A,functional
R203,Brand D,classic
R204,Brand A,affordable
R204,Brand A,classic
R204,Brand A,functional
R204,Brand C,unique
R205,Our Store,cute
R205,Our Store,trendy
R205,Brand A,classic
R205,Brand B,cute
R205,Brand C,unique
R205,Brand D,classic
R206,Brand A,affordable
R206,Brand A,classic
R206,Brand A,functional
R206,Brand A,unique
R206,Brand B,cute
R207,Our Store,trendy
R207,Our Store,unique
R207,Brand B,trendy
R207,Brand C,luxurious
R207,Brand C,functional
R207,Brand C,unique
R207,Brand D,cute
R207,Brand D,functional
R207,Brand D,unique
R208,Our Store,luxurious
R208,Our Store,unique
R208,Brand B,cute
R208,Brand B,trendy
R208,Brand C,trendy
R208,Brand D,classic
R208,Brand D,eco_friendly
R208,Brand D,unique
R209,Brand A,affordable
R209,Brand B,trendy
R210,Our Store,cute
R210,Brand A,affordable
R210,Brand A,trendy
R210,Brand A,functional
R210,Brand B,affordable
R210,Brand C,trendy
R211,Our Store,cute
R211,Our Store,unique
R211,Brand A,functional
R211,Brand B,affordable
R211,Brand B,trendy
R211,Brand B,functional
R211,Brand C,luxurious
R211,Brand D,eco_friendly
R212,Brand A,trendy
R212,Brand B,trendy
R212,Brand C,luxurious
R212,Brand C,unique
R212,Brand D,classic
R212,Brand D,eco_friendly
R213,Our Store,trendy
R213,Brand A,functional
R213,Brand B,trendy
R213,Brand C,affordable
R213,Brand C,trendy
R213,Brand C,unique
R213,Brand D,affordable
R214,Brand D,cute
R215,Our Store,trendy
R215,Our Store,unique
R215,Brand A,functional
R215,Brand C,trendy
R215,Brand C,unique
R215,Brand D,eco_friendly
R216,Our Store,unique
R216,Brand A,classic
R216,Brand A,eco_friendly
R216,Brand B,affordable
R216,Brand B,trendy
R216,Brand C,luxurious
R216,Brand C,functional
R217,Brand A,cute
R217,Brand A,functional
R217,Brand B,affordable
R217,Brand B,trendy
R217,Brand B,unique
R217,Brand C,trendy
R218,Our Store,affordable
R218,Our Store,eco_friendly
R218,Brand A,affordable
R218,Brand A,classic
R218,Brand A,functional
R218,Brand C,luxurious
R218,Brand C,trendy
R218,Brand C,unique
R218,Brand D,eco_friendly
R219,Our Store,cute
R219,Brand A,affordable
R219,Brand B,affordable
R219,Brand B,trendy
R219,Brand C,luxurious
R219,Brand C,trendy
R220,Our Store,classic
R220,Brand A,classic
R220,Brand A,functional
R220,Brand B,affordable
R220,Brand C,luxurious
R220,Brand C,unique
R220,Brand D,classic
R220,Brand D,unique
R221,Our Store,cute
R221,Our Store,trendy
R221,Brand A,functional
R221,Brand B,cute
R221,Brand B,affordable
R221,Brand B,trendy
R221,Brand D,eco_friendly
R222,Our Store,unique
R222,Brand A,classic
R222,Brand A,functional
R222,Brand B,cute
R222,Brand B,trendy
R222,Brand C,trendy
R222,Brand C,unique
R223,Brand A,classic
R223,Brand C,trendy
R224,Our Store,affordable
R224,Our Store,trendy
R224,Our Store,classic
R224,Our Store,unique
R224,Brand A,affordable
R224,Brand A,classic
R224,Brand B,cute
R224,Brand B,unique
R224,Brand C,classic
R224,Brand C,unique
R224,Brand D,eco_friendly
R225,Our Store,cute
R225,Brand A,luxurious
R225,Brand A,affordable
R225,Brand B,trendy
R225,Brand C,luxurious
R225,Brand C,unique
R225,Brand D,luxurious
R225,Brand D,eco_friendly
R225,Brand D,unique
R226,Our Store,trendy
R226,Our Store,unique
R226,Brand A,functional
R226,Brand C,unique
R226,Brand D,eco_friendly
R227,Our Store,cute
R227,Our Store,affordable
R227,Brand A,classic
R227,Brand B,trendy
R228,Brand A,affordable
R228,Brand A,classic
R228,Brand B,luxurious
R228,Brand C,luxurious
R228,Brand D,luxurious
R228,Brand D,classic
R228,Brand D,eco_friendly
R229,Brand A,classic
R229,Brand B,cute
R229,Brand D,luxurious
R229,Brand D,classic
R230,Our Store,affordable
R230,Our Store,classic
R230,Our Store,eco_friendly
R230,Our Store,functional
R230,Brand A,classic
R230,Brand B,cute
R230,Brand B,affordable
R230,Brand C,luxurious
R230,Brand C,unique
R231,Our Store,cute
R231,Our Store,trendy
R231,Brand A,functional
R231,Brand B,cute
R231,Brand B,trendy
R231,Brand C,luxurious
R231,Brand C,unique
R231,Brand D,eco_friendly
R232,Brand A,affordable
R232,Brand A,classic
R233,Brand B,cute
R233,Brand B,functional
R233,Brand D,eco_friendly
R234,Our Store,unique
R234,Brand A,trendy
R234,Brand B,cute
R234,Brand B,affordable
R235,Our Store,cute
R235,Our Store,unique
R235,Brand A,classic
R235,Brand B,trendy
R235,Brand C,luxurious
R235,Brand C,functional
R235,Brand C,unique
R235,Brand D,eco_friendly
R236,Brand A,classic
R236,Brand A,functional
R236,Brand B,affordable
R236,Brand B,unique
R236,Brand C,unique
R236,Brand D,classic
R237,Our Store,luxurious
R237,Brand B,affordable
R237,Brand B,trendy
R237,Brand D,classic
R238,Brand A,cute
R238,Brand A,affordable
R238,Brand A,classic
R238,Brand A,functional
R238,Brand B,affordable
R238,Brand C,luxurious
R238,Brand C,trendy
R238,Brand C,unique
R238,Brand D,luxurious
R238,Brand D,classic
R238,Brand D,eco_friendly
R239,Our Store,affordable
R239,Brand A,luxurious
R239,Brand A,affordable
R239,Brand A,classic
R239,Brand D,eco_friendly
R240,Our Store,cute
R240,Brand A,affordable
R240,Brand A,classic
R240,Brand A,functional
R240,Brand B,trendy
R240,Brand D,classic
R241,Our Store,trendy
R241,Our Store,eco_friendly
R241,Our Store,unique
R241,Brand B,trendy
R241,Brand C,luxurious
R241,Brand C,eco_friendly
R241,Brand C,functional
R241,Brand D,classic
R241,Brand D,eco_friendly
R241,Brand D,unique
R242,Our Store,trendy
R242,Our Store,unique
R242,Brand B,cute
R242,Brand B,trendy
R242,Brand C,luxurious
R242,Brand C,unique
R242,Brand D,classic
R242,Brand D,eco_friendly
R243,Our Store,cute
R243,Our Store,affordable
R243,Our Store,trendy
R243,Our Store,classic
R243,Our Store,unique
R243,Brand A,classic
R243,Brand B,cute
R243,Brand B,affordable
R243,Brand C,luxurious
R243,Brand D,cute
R243,Brand D,eco_friendly
R244,Our Store,cute
R244,Brand B,cute
R244,Brand B,affordable
R244,Brand C,trendy
R244,Brand D,classic
R244,Brand D,eco_friendly
R245,Our Store,cute
R245,Brand A,affordable
R245,Brand A,classic
R245,Brand A,functional
R245,Brand C,luxurious
R245,Brand C,classic
R245,Brand D,eco_friendly
R245,Brand D,unique
R246,Our Store,cute
R246,Brand A,trendy
R246,Brand A,classic
R246,Brand B,affordable
R246,Brand C,trendy
R246,Brand D,classic
R247,Our Store,trendy
R247,Our Store,functional
R247,Brand A,affordable
R247,Brand B,cute
R247,Brand B,affordable
R247,Brand C,luxurious
R247,Brand C,trendy
R247,Brand C,unique
R247,Brand D,cute
R247,Brand D,classic
R248,Our Store,trendy
R248,Our Store,unique
R248,Brand A,luxurious
R248,Brand A,affordable
R248,Brand A,classic
R248,Brand B,affordable
R248,Brand B,trendy
R248,Brand D,eco_friendly
R249,Our Store,cute
R249,Our Store,unique
R249,Brand A,classic
R249,Brand A,eco_friendly
R249,Brand B,cute
R249,Brand B,functional
R250,Brand B,cute
R250,Brand B,affordable
R250,Brand B,trendy
R250,Brand C,luxurious
R250,Brand D,eco_friendly
R251,Our Store,cute
R251,Brand A,affordable
R251,Brand A,classic
R251,Brand A,functional
R251,Brand B,affordable
R251,Brand B,trendy
R251,Brand B,classic
R251,Brand B,functional
R251,Brand C,luxurious
R251,Brand C,functional
R251,Brand D,luxurious
R251,Brand D,classic
R252,Brand A,affordable
R252,Brand A,classic
R252,Brand B,affordable
R252,Brand B,classic
R252,Brand C,luxurious
R253,Our Store,cute
R253,Our Store,classic
R253,Brand B,cute
R253,Brand B,trendy
R253,Brand B,classic
R253,Brand C,luxurious
R253,Brand C,unique
R253,Brand D,functional
R254,Our Store,cute
R254,Brand B,luxurious
R254,Brand B,affordable
R254,Brand B,trendy
R254,Brand C,unique
R254,Brand D,cute
R254,Brand D,luxurious
R255,Brand D,eco_friendly
R256,Our Store,unique
R256,Brand A,classic
R256,Brand A,eco_friendly
R256,Brand A,functional
R256,Brand B,affordable
R256,Brand B,trendy
R256,Brand B,unique
R256,Brand D,eco_friendly
R257,Our Store,cute
R257,Our Store,unique
R257,Brand B,cute
R257,Brand C,trendy
R257,Brand C,unique
R257,Brand D,luxurious
R257,Brand D,eco_friendly
R258,Our Store,trendy
R258,Brand A,affordable
R258,Brand A,functional
R258,Brand B,luxurious
R258,Brand B,affordable
R258,Brand B,functional
R258,Brand C,eco_friendly
R258,Brand D,luxurious
R258,Brand D,classic
R258,Brand D,eco_friendly
R259,Our Store,trendy
R259,Our Store,unique
R259,Brand A,trendy
R259,Brand C,trendy
R259,Brand C,unique
R260,Our Store,cute
R260,Our Store,trendy
R260,Brand A,classic
R260,Brand B,affordable
R260,Brand B,trendy
R260,Brand C,cute
R260,Brand C,luxurious
R260,Brand C,trendy
R260,Brand D,classic
R261,Our Store,luxurious
R261,Brand A,affordable
R261,Brand C,luxurious
R261,Brand C,unique
R262,Our Store,unique
R262,Brand A,classic
R262,Brand B,affordable
R262,Brand B,trendy
R262,Brand C,luxurious
R262,Brand C,functional
R262,Brand C,unique
R262,Brand D,eco_friendly
R263,Our Store,functional
R263,Brand A,cute
R263,Brand A,affordable
R263,Brand A,functional
R263,Brand D,luxurious
R264,Brand A,cute
R264,Brand A,affordable
R264,Brand A,classic
R264,Brand B,affordable
R264,Brand B,trendy
R264,Brand C,luxurious
R264,Brand C,unique
R264,Brand D,classic
R265,Brand A,classic
R265,Brand B,trendy
R265,Brand B,unique
R265,Brand C,luxurious
R265,Brand D,trendy
R265,Brand D,eco_friendly
R266,Brand A,eco_friendly
R266,Brand C,cute
R266,Brand C,luxurious
R266,Brand C,trendy
R266,Brand D,luxurious
R266,Brand D,eco_friendly
R267,Our Store,cute
R267,Brand A,luxurious
R267,Brand A,affordable
R267,Brand A,classic
R267,Brand B,affordable
R267,Brand B,trendy
R267,Brand D,luxurious
R267,Brand D,eco_friendly
R267,Brand D,unique
R268,Our Store,cute
R268,Our Store,unique
R268,Brand A,unique
R268,Brand B,cute
R268,Brand C,luxurious
R269,Brand A,affordable
R269,Brand B,unique
R269,Brand C,cute
R269,Brand C,luxurious
R269,Brand C,classic
R269,Brand D,classic
R269,Brand D,eco_friendly
R270,Our Store,trendy
R270,Our Store,unique
R270,Brand A,functional
R270,Brand B,affordable
R270,Brand C,luxurious
R270,Brand C,classic
R270,Brand D,trendy
R270,Brand D,eco_friendly
R271,Brand A,affordable
R271,Brand B,affordable
R271,Brand B,trendy
R271,Brand C,luxurious
R271,Brand C,unique
R272,Our Store,cute
R272,Our Store,unique
R272,Brand B,trendy
R272,Brand D,trendy
R272,Brand D,eco_friendly
R272,Brand D,unique
R273,Brand A,affordable
R273,Brand A,trendy
R273,Brand C,classic
R273,Brand D,functional
R274,Brand C,unique
R274,Brand D,luxurious
R274,Brand D,trendy
R275,Brand B,affordable
R275,Brand C,luxurious
R276,Our Store,classic
R276,Brand A,luxurious
R276,Brand A,trendy
R276,Brand B,cute
R276,Brand B,affordable
R276,Brand B,trendy
R276,Brand B,unique
R276,Brand C,luxurious
R276,Brand D,eco_friendly
R277,Our Store,luxurious
R277,Our Store,trendy
R277,Brand A,luxurious
R277,Brand A,affordable
R277,Brand A,classic
R277,Brand A,eco_friendly
R277,Brand B,unique
R277,Brand C,luxurious
R277,Brand D,luxurious
R277,Brand D,eco_friendly
R278,Our Store,trendy
R278,Brand A,affordable
R278,Brand A,functional
R278,Brand B,cute
R278,Brand B,affordable
R278,Brand B,trendy
R278,Brand B,classic
R278,Brand C,unique
R278,Brand D,eco_friendly
R279,Brand A,affordable
R279,Brand C,luxurious
R279,Brand C,trendy
R279,Brand C,functional
R279,Brand D,eco_friendly
R280,Our Store,unique
R280,Brand A,affordable
R280,Brand A,classic
R280,Brand A,functional
R280,Brand B,trendy
R280,Brand B,classic
R280,Brand C,trendy
R281,Our Store,cute
R281,Brand A,functional
R281,Brand B,affordable
R281,Brand B,trendy
R281,Brand C,functional
R282,Our Store,cute
R282,Our Store,unique
R282,Brand C,luxurious
R282,Brand C,classic
R282,Brand D,eco_friendly
R283,Our Store,affordable
R283,Brand A,functional
R283,Brand B,affordable
R283,Brand B,trendy
R283,Brand C,luxurious
R283,Brand C,trendy
R283,Brand C,functional
R283,Brand C,unique
R284,Brand B,cute
R284,Brand C,luxurious
R284,Brand D,eco_friendly
R285,Brand A,functional
R285,Brand B,affordable
R285,Brand C,luxurious
R285,Brand C,functional
R285,Brand D,classic
R286,Our Store,cute
R286,Our Store,trendy
R286,Brand B,cute
R286,Brand B,trendy
R286,Brand C,luxurious
R286,Brand D,luxurious
R286,Brand D,classic
R287,Our Store,luxurious
R287,Our Store,classic
R287,Brand A,trendy
R287,Brand B,trendy
R287,Brand C,luxurious
R287,Brand C,trendy
R287,Brand D,eco_friendly
R288,Our Store,classic
R288,Our Store,unique
R288,Brand A,classic
R288,Brand B,cute
R288,Brand B,trendy
R288,Brand D,eco_friendly
R288,Brand D,unique
R289,Our Store,affordable
R289,Brand A,affordable
R289,Brand A,classic
R289,Brand A,functional
R289,Brand D,classic
R290,Brand A,affordable
R290,Brand C,luxurious
R290,Brand C,functional
R290,Brand C,unique
R291,Brand A,classic
R291,Brand B,cute
R291,Brand B,trendy
R291,Brand B,functional
R291,Brand C,cute
R291,Brand D,unique
R292,Our Store,cute
R292,Our Store,unique
R292,Brand A,classic
R292,Brand A,functional
R292,Brand B,cute
R292,Brand B,affordable
R292,Brand B,functional
R292,Brand D,eco_friendly
R293,Our Store,trendy
R293,Our Store,functional
R293,Our Store,unique
R293,Brand A,functional
R293,Brand B,trendy
R293,Brand C,luxurious
R294,Our Store,cute
R294,Our Store,trendy
R294,Our Store,eco_friendly
R294,Brand A,affordable
R294,Brand B,cute
R294,Brand B,trendy
R294,Brand B,classic
R294,Brand C,trendy
R294,Brand D,eco_friendly
R295,Our Store,affordable
R295,Brand B,cute
R295,Brand B,affordable
R295,Brand C,luxurious
R295,Brand C,unique
R295,Brand D,luxurious
R296,Our Store,unique
R296,Brand A,affordable
R296,Brand C,luxurious
R296,Brand C,trendy
R297,Brand A,affordable
R297,Brand A,trendy
R297,Brand A,classic
R297,Brand B,cute
R297,Brand B,trendy
R297,Brand C,functional
R297,Brand D,classic
R298,Our Store,cute
R298,Our Store,functional
R298,Brand A,affordable
R298,Brand A,classic
R298,Brand A,functional
R298,Brand B,affordable
R298,Brand B,classic
R298,Brand C,luxurious
R298,Brand C,classic
R298,Brand C,functional
R298,Brand D,eco_friendly
R299,Our Store,cute
R299,Brand A,affordable
R299,Brand A,functional
R299,Brand B,affordable
R299,Brand D,eco_friendly
R300,Our Store,cute
R300,Brand C,luxurious
R300,Brand C,classic
R300,Brand D,unique
