station_name,lines,operators,passengers_per_day,lat,lon
新宿,4,京王電鉄・小田急電鉄・東京地下鉄・東日本旅客鉄道,2984711,35.69095195724186,139.70000800445354
池袋,4,東京地下鉄・東日本旅客鉄道・東武鉄道・西武鉄道,2308170,35.729865000000004,139.71105875
渋谷,4,京王電鉄・東京地下鉄・東急電鉄・東日本旅客鉄道,2129874,35.658708778630476,139.70166772052494
東京,3,東京地下鉄・東日本旅客鉄道・東海旅客鉄道,1176902,35.681342361417,139.76647710846234
北千住,4,東京地下鉄・東日本旅客鉄道・東武鉄道・首都圏新都市鉄道,1121423,35.74945369259271,139.80495261287263
品川,3,京浜急行電鉄・東日本旅客鉄道・東海旅客鉄道,853436,35.62848207615995,139.73890091054545
高田馬場,3,東京地下鉄・東日本旅客鉄道・西武鉄道,783543,35.71287604350815,139.70428257604246
新橋,4,ゆりかもめ・東京地下鉄・東京都・東日本旅客鉄道,772142,35.66596657615072,139.75900461769072
秋葉原,3,東京地下鉄・東日本旅客鉄道・首都圏新都市鉄道,647929,35.69844584794307,139.77435708919995
目黒,2,東急電鉄・東日本旅客鉄道,636632,35.63270673907999,139.71575971863152
押上,3,京成電鉄・東京地下鉄・東武鉄道,559147,35.709051579850666,139.81329328905971
上野,2,東京地下鉄・東日本旅客鉄道,505392,35.712473823514415,139.77662279813995
大手町,2,東京地下鉄・東京都,412394,35.68547272300589,139.7644066038675
蒲田,2,東急電鉄・東日本旅客鉄道,399179,35.5621275,139.71531
中野,1,東日本旅客鉄道,386657,35.70574,139.665605
有楽町,2,東京地下鉄・東日本旅客鉄道,385674,35.675506878362995,139.7627729803168
大崎,1,東日本旅客鉄道,375884,35.619945,139.72824500000002
綾瀬,1,東京地下鉄,372622,35.762285000000006,139.82489
五反田,3,東京都・東急電鉄・東日本旅客鉄道,364894,35.62613403085803,139.72391404332635
中目黒,1,東急電鉄,363724,35.64410802023008,139.69883242519444
西日暮里,3,東京地下鉄・東京都・東日本旅客鉄道,359263,35.73270690093424,139.76726525568782
日暮里,3,京成電鉄・東京都・東日本旅客鉄道,351334,35.72822608766354,139.77133088428067
大井町,3,東京臨海高速鉄道・東急電鉄・東日本旅客鉄道,349469,35.607298187401405,139.73449855437133
恵比寿,2,東京地下鉄・東日本旅客鉄道,340535,35.64685988170703,139.7094126705525
市ヶ谷,3,東京地下鉄・東京都・東日本旅客鉄道,311646,35.69183470618953,139.7363430480901
飯田橋,3,東京地下鉄・東京都・東日本旅客鉄道,309863,35.7015489489337,139.74530074736757
小竹向原,1,東京地下鉄,301371,35.743395,139.67952000000002
錦糸町,2,東京地下鉄・東日本旅客鉄道,287869,35.69707971928501,139.81463810959298
四ツ谷,2,東京地下鉄・東日本旅客鉄道,283228,35.68492457559721,139.7302896514666
新木場,3,東京地下鉄・東京臨海高速鉄道・東日本旅客鉄道,282481,35.64586833333333,139.8266833333333
九段下,1,東京地下鉄,258062,35.6960918116116,139.7512653932729
代々木上原,1,小田急電鉄,257017,35.669017156585646,139.67988396111394
浜松町,1,東日本旅客鉄道,253334,35.65541,139.757125
日本橋,2,東京地下鉄・東京都,250883,35.68198295958315,139.77493436223244
荻窪,2,東京地下鉄・東日本旅客鉄道,242043,35.7043025,139.6200025
田町,1,東日本旅客鉄道,238712,35.64574,139.74760500000002
豊洲,2,ゆりかもめ・東京地下鉄,235987,35.65442939143342,139.79571472148626
神田,2,東京地下鉄・東日本旅客鉄道,229362,35.692742499999994,139.7708825
下北沢,2,京王電鉄・小田急電鉄,225967,35.661525,139.6669575
御茶ノ水,2,東京地下鉄・東日本旅客鉄道,223836,35.7000175,139.76471750000002
浅草,4,東京地下鉄・東京都・東武鉄道・首都圏新都市鉄道,218792,35.711381576509574,139.79630333310752
三軒茶屋,2,東急電鉄,217582,35.643738894575975,139.6701836156936
銀座,1,東京地下鉄,217244,35.67198360963998,139.7640074019246
巣鴨,2,東京都・東日本旅客鉄道,216984,35.73375,139.7391925
神保町,2,東京地下鉄・東京都,212604,35.69548446008157,139.75802654971835
新宿三丁目,2,東京地下鉄・東京都,211041,35.69101,139.7053725
泉岳寺,1,東京都,195118,35.638130000000004,139.73973
練馬,2,東京都・西武鉄道,190677,35.737624999999994,139.654505
六本木,2,東京地下鉄・東京都,184804,35.6634325,139.731215
赤羽,1,東日本旅客鉄道,183284,35.777615325752045,139.7212128030415
水道橋,2,東京都・東日本旅客鉄道,181828,35.702820354762146,139.75443370752083
門前仲町,2,東京地下鉄・東京都,177594,35.67232666381028,139.7956083262007
王子,2,東京地下鉄・東日本旅客鉄道,171699,35.75339757434851,139.73778588602033
日比谷,2,東京地下鉄・東京都,170457,35.67544550065237,139.76037284599317
表参道,1,東京地下鉄,168791,35.665042546166966,139.71247269514538
八丁堀,2,東京地下鉄・東日本旅客鉄道,161065,35.67499413971079,139.7776622263404
青山一丁目,2,東京地下鉄・東京都,158303,35.67285499789958,139.72406349552278
大森,1,東日本旅客鉄道,156466,35.58891543504658,139.7281493368919
東銀座,2,東京地下鉄・東京都,155571,35.66938352196207,139.7673868254343
浅草橋,2,東京都・東日本旅客鉄道,153123,35.6974975,139.7854725
西武新宿,1,西武鉄道,143181,35.69617069420037,139.70006279053797
新小岩,1,東日本旅客鉄道,141472,35.71679036818752,139.85764657450267
代々木,2,東京都・東日本旅客鉄道,140168,35.6837875,139.7018675
二子玉川,1,東急電鉄,138041,35.61136910306788,139.62635674138463
月島,2,東京地下鉄・東京都,132744,35.66430293000202,139.7842451718846
自由が丘,1,東急電鉄,132419,35.607270890069685,139.66869828197622
亀戸,2,東日本旅客鉄道・東武鉄道,130374,35.69753826644278,139.8269049676466
原宿,1,東日本旅客鉄道,129970,35.671315928623564,139.70270635911868
霞ヶ関,1,東京地下鉄,128553,35.673874999999995,139.75106
駒込,2,東京地下鉄・東日本旅客鉄道,121822,35.736387296058666,139.7474817513882
御徒町,1,東日本旅客鉄道,121704,35.707195,139.774715
人形町,2,東京地下鉄・東京都,117029,35.68630217670895,139.78225529748897
小岩,1,東日本旅客鉄道,116612,35.733329999999995,139.88185
東陽町,1,東京地下鉄,111204,35.66959,139.81768
三越前,1,東京地下鉄,110666,35.68492855939112,139.77307990901926
中野坂上,2,東京地下鉄・東京都,108819,35.69748,139.6825825
馬喰横山,1,東京都,106131,35.69200616366663,139.78292173076954
茅場町,1,東京地下鉄,105877,35.68034578914659,139.7792703037315
大塚,1,東日本旅客鉄道,104504,35.731785,139.72794
羽田空港第1・第2ターミナル,1,京浜急行電鉄,101471,35.54971877943373,139.7858581712239
両国,2,東京都・東日本旅客鉄道,100835,35.69626254387046,139.79539053698346
三田,1,東京都,99494,35.64790342988933,139.74946881938848
後楽園,1,東京地下鉄,99051,35.707306676989475,139.7508602690998
京成高砂,1,京成電鉄,97368,35.75087,139.86659
新御徒町,2,東京都・首都圏新都市鉄道,97104,35.70694156887639,139.7821249023959
明治神宮前,1,東京地下鉄,96345,35.669123333510385,139.7039434662559
金町,1,東日本旅客鉄道,95976,35.76951,139.87039
葛西,1,東京地下鉄,95955,35.6636167072847,139.87252979567853
東中野,2,東京都・東日本旅客鉄道,95799,35.70681,139.684165
大門,1,東京都,95470,35.65664589041732,139.75467296526122
西葛西,1,東京地下鉄,94293,35.66456196875437,139.85960016265994
新大久保,1,東日本旅客鉄道,93452,35.70093,139.700255
清澄白河,2,東京地下鉄・東京都,93138,35.68253206685764,139.79925099240307
住吉,2,東京地下鉄・東京都,92207,35.688827996796626,139.81570637044763
高円寺,1,東日本旅客鉄道,92138,35.705324352558506,139.6497000218581
虎ノ門,1,東京地下鉄,91260,35.67016,139.75012
明大前,1,京王電鉄,90831,35.668358848403834,139.6505553094069
モノレール浜松町,1,東京モノレール,90384,35.655745,139.75667
赤羽岩淵,1,東京地下鉄,89097,35.783355,139.72211
神谷町,1,東京地下鉄,88969,35.662625,139.74472500000002
赤坂見附,1,東京地下鉄,86493,35.67684521856045,139.73734734787502
新御茶ノ水,1,東京地下鉄,83430,35.696925,139.76545
西荻窪,1,東日本旅客鉄道,83258,35.70378411029978,139.59945006337526
勝どき,1,東京都,81077,35.65894834272844,139.77715250309294
阿佐ヶ谷,1,東日本旅客鉄道,80642,35.70487849902413,139.6358550389263
経堂,1,小田急電鉄,79305,35.651189986912485,139.6366750330443
早稲田,2,東京地下鉄・東京都,79193,35.7087775,139.7206225
大泉学園,1,西武鉄道,78557,35.74935086643097,139.58680376214994
田端,1,東日本旅客鉄道,78462,35.737475,139.761575
成城学園前,1,小田急電鉄,78145,35.640135,139.59908
町屋,2,京成電鉄・東京地下鉄,78075,35.74218721963412,139.78078586948334
西新宿,1,東京地下鉄,77992,35.694515,139.69256
亀有,1,東日本旅客鉄道,77840,35.76654272407273,139.84755462053553
千歳烏山,1,京王電鉄,77686,35.667835,139.600375
南千住,3,東京地下鉄・東日本旅客鉄道・首都圏新都市鉄道,76950,35.733309416960466,139.79917901320184
茗荷谷,1,東京地下鉄,76244,35.7172,139.736895
東日本橋,1,東京都,75870,35.6917814732825,139.78478555542344
東新宿,2,東京地下鉄・東京都,75455,35.69886198503997,139.70776773243412
石神井公園,1,西武鉄道,74675,35.74364,139.606555
溜池山王,1,東京地下鉄,74616,35.671511270087144,139.74194259183557
赤坂,1,東京地下鉄,74174,35.67210476367322,139.73641362793123
蔵前,2,東京都,73473,35.704327934003075,139.7915533860177
麻布十番,2,東京地下鉄・東京都,72688,35.655649999999994,139.73657500000002
外苑前,1,東京地下鉄,72412,35.670375,139.717825
永田町,1,東京地下鉄,72244,35.67833880034605,139.73928767150642
半蔵門,1,東京地下鉄,71847,35.685379999999995,139.741695
駒沢大学,1,東急電鉄,71168,35.633035,139.66096499999998
笹塚,1,京王電鉄,70603,35.67366,139.667175
学芸大学,1,東急電鉄,70598,35.62877,139.68524
森下,1,東京都,70246,35.68805226185926,139.79819503573822
本郷三丁目,2,東京地下鉄・東京都,70103,35.70714835665236,139.76038432863479
小川町,1,東京都,69171,35.695213884310846,139.76686034644453
木場,1,東京地下鉄,69105,35.66935530788944,139.80711513310746
六本木一丁目,1,東京地下鉄,68808,35.665075,139.7389
水天宮前,1,東京地下鉄,68185,35.683000685428304,139.78517144792607
国際展示場,1,東京臨海高速鉄道,67666,35.63441,139.791695
春日,1,東京都,67327,35.709948964094146,139.75324119877672
十条,1,東日本旅客鉄道,66724,35.76039,139.72225
目白,1,東日本旅客鉄道,65746,35.720389999999995,139.70628
桜新町,1,東急電鉄,65657,35.631714655971834,139.6454681161248
竹ノ塚,1,東武鉄道,65257,35.79437,139.79072
板橋,1,東日本旅客鉄道,63704,35.74499143848436,139.71917278420284
用賀,1,東急電鉄,63244,35.62660904913333,139.6342300193753
西新井,1,東武鉄道,61612,35.77728,139.790365
池尻大橋,1,東急電鉄,60918,35.65073720754252,139.68475880931433
平井,1,東日本旅客鉄道,59946,35.70644911766051,139.84238557932866
白金高輪,1,東京地下鉄,59415,35.643145000000004,139.734285
京急蒲田,1,京浜急行電鉄,59288,35.56169002601472,139.7243268381091
築地,1,東京地下鉄,58868,35.667927090977415,139.77247336006792
南砂町,1,東京地下鉄,58300,35.668415,139.831695
広尾,1,東京地下鉄,56837,35.651499960412586,139.72220861331044
船堀,1,東京都,56792,35.683785,139.863855
下高井戸,2,京王電鉄・東急電鉄,55456,35.66598309126417,139.64179466269033
淡路町,1,東京地下鉄,54977,35.694869999999995,139.76745499999998
光が丘,1,東京都,54950,35.75847,139.62923999999998
初台,1,京王電鉄,54828,35.68142,139.68827
東武練馬,1,東武鉄道,54406,35.768649999999994,139.66254
千歳船橋,1,小田急電鉄,54215,35.64767500000001,139.62453
麹町,1,東京地下鉄,54142,35.684785000000005,139.73735
上野御徒町,1,東京都,52906,35.70795895846549,139.77306485515322
瑞江,1,東京都,52849,35.69339,139.89781
天王洲アイル,2,東京モノレール・東京臨海高速鉄道,52836,35.621795,139.75089499999999
武蔵小山,1,東急電鉄,51900,35.62051,139.70447
新宿西口,1,東京都,51581,35.693160000000006,139.69916
成増,1,東武鉄道,51425,35.77756407648159,139.6329427002254
京橋,1,東京地下鉄,50698,35.67670362917037,139.77010915362402
中井,2,東京都・西武鉄道,50641,35.7144675,139.6864775
岩本町,1,東京都,49899,35.695572233127415,139.77518498043207
江戸川橋,1,東京地下鉄,48975,35.709295,139.73413
大久保,1,東日本旅客鉄道,48622,35.700635,139.69744500000002
上板橋,1,東武鉄道,48520,35.763615,139.67620499999998
馬喰町,1,東日本旅客鉄道,48064,35.69337585163105,139.78243042181398
地下鉄成増,1,東京地下鉄,47806,35.776740000000004,139.63117
新宿御苑前,1,東京地下鉄,47369,35.688525,139.710915
中延,2,東京都・東急電鉄,46943,35.605447500000004,139.71307000000002
青砥,1,京成電鉄,46937,35.74587,139.85627
大山,1,東武鉄道,46657,35.748379999329586,139.70265352550237
鶯谷,1,東日本旅客鉄道,46468,35.721455,139.77803
都庁前,1,東京都,46002,35.69059,139.69262500000002
祖師ヶ谷大蔵,1,小田急電鉄,45932,35.643265,139.609795
白山,1,東京都,45428,35.72133438764698,139.75221167168957
都立大学,1,東急電鉄,45350,35.617850000000004,139.67644
大岡山,1,東急電鉄,45216,35.607175840031665,139.68473477741625
虎ノ門ヒルズ,1,東京地下鉄,45172,35.66733,139.747775
京成上野,1,京成電鉄,45083,35.71131,139.77351
東十条,1,東日本旅客鉄道,44082,35.76383992844972,139.7267338964791
三ノ輪,1,東京地下鉄,43935,35.729285000000004,139.791165
東池袋,1,東京地下鉄,42748,35.72595,139.718865
信濃町,1,東日本旅客鉄道,42654,35.679948274310384,139.72109906962672
浮間舟渡,1,東日本旅客鉄道,42462,35.79128877347846,139.69139553611927
汐留,2,ゆりかもめ・東京都,42454,35.663950884615886,139.76067178042166
羽田空港第3ターミナル,2,京浜急行電鉄・東京モノレール,42284,35.54444688901846,139.7678315017062
西馬込,1,東京都,42045,35.587305,139.70632
平和島,1,京浜急行電鉄,42038,35.57868788368847,139.73494946082144
ときわ台,1,東武鉄道,41939,35.758905,139.68876
東京テレポート,1,東京臨海高速鉄道,41593,35.627085,139.77805999999998
一之江,1,東京都,41531,35.68594,139.88289
平和台,1,東京地下鉄,41269,35.757555,139.65429999999998
四谷三丁目,1,東京地下鉄,41217,35.687835,139.719325
竹橋,1,東京地下鉄,40940,35.69044,139.75767000000002
御成門,1,東京都,40727,35.66098159434185,139.75149195042263
北綾瀬,1,東京地下鉄,40648,35.77689,139.83209499999998
上石神井,1,西武鉄道,39751,35.726195000000004,139.59229
仲御徒町,1,東京地下鉄,39625,35.706655,139.77619
護国寺,1,東京地下鉄,39316,35.71918,139.72744999999998
乃木坂,1,東京地下鉄,39229,35.66659190737817,139.7262285374502
地下鉄赤塚,1,東京地下鉄,39180,35.76998056394939,139.64400032898536
要町,1,東京地下鉄,38864,35.733215,139.69848000000002
神楽坂,1,東京地下鉄,38583,35.703865,139.73452
国会議事堂前,1,東京地下鉄,38545,35.67356521672406,139.7431878654645
篠崎,1,東京都,38263,35.70612,139.903885
方南町,1,東京地下鉄,38148,35.683515,139.657935
旗の台,1,東急電鉄,38032,35.605135000000004,139.703315
中村橋,1,西武鉄道,37326,35.736670000000004,139.63717
高井戸,1,京王電鉄,37317,35.683260000000004,139.61523
久我山,1,京王電鉄,37302,35.688140000000004,139.59932500000002
千川,1,東京地下鉄,37251,35.738175,139.6894
氷川台,1,東京地下鉄,36844,35.74962,139.66547
八幡山,1,京王電鉄,36715,35.670075,139.61448
入谷,1,東京地下鉄,36239,35.72056489094509,139.7844665359898
湯島,1,東京地下鉄,35983,35.70680514473694,139.76998071704492
北赤羽,1,東日本旅客鉄道,35908,35.787001227254784,139.7057771798332
新富町,1,東京地下鉄,35708,35.67052842471174,139.7735943686183
西早稲田,1,東京地下鉄,35647,35.707806110104,139.70911937483814
西大井,1,東日本旅客鉄道,35376,35.60169912329355,139.7216070647351
板橋本町,1,東京都,35317,35.7611,139.705605
曙橋,1,東京都,35291,35.69233,139.72258
小伝馬町,1,東京地下鉄,35203,35.69042267403542,139.77875733422746
内幸町,1,東京都,35015,35.66917731467235,139.75533540270595
新日本橋,1,東日本旅客鉄道,34836,35.68903468960572,139.7742966650917
王子神谷,1,東京地下鉄,34794,35.76529199616504,139.73564094986617
桜上水,1,京王電鉄,34766,35.66764,139.631465
五反野,1,東武鉄道,34729,35.765905000000004,139.80963
駒場東大前,1,京王電鉄,34257,35.65867,139.684075
青物横丁,1,京浜急行電鉄,34242,35.60919,139.743135
赤羽橋,1,東京都,34237,35.654970000000006,139.744195
梅島,1,東武鉄道,34181,35.772345,139.79807499999998
池上,1,東急電鉄,34089,35.571947028056414,139.70282022985242
新高円寺,1,東京地下鉄,34052,35.69786,139.64851
品川シーサイド,1,東京臨海高速鉄道,33688,35.609790000000004,139.749795
京成立石,1,京成電鉄,33675,35.73819,139.84816
板橋区役所前,1,東京都,33494,35.751305,139.710055
田原町,1,東京地下鉄,33290,35.70991708777005,139.79030645676127
千駄ヶ谷,1,東日本旅客鉄道,33134,35.68119560211545,139.71153008829475
新中野,1,東京地下鉄,32950,35.697475,139.66951
二重橋前,1,東京地下鉄,32782,35.680505,139.76178
六町,1,首都圏新都市鉄道,32300,35.78478,139.82180499999998
銀座一丁目,1,東京地下鉄,32240,35.67451957577969,139.7667862605805
東高円寺,1,東京地下鉄,31918,35.697965,139.658295
西小山,1,東急電鉄,31458,35.615435000000005,139.69871
お花茶屋,1,京成電鉄,31424,35.747615,139.839885
梅ヶ丘,1,小田急電鉄,31170,35.65602,139.65355
西新宿五丁目,1,東京都,31076,35.689899999999994,139.684665
江古田,1,西武鉄道,30837,35.737465,139.672785
大島,1,東京都,30671,35.68976261331114,139.83436026368346
千石,1,東京都,30408,35.727965,139.744745
下丸子,1,東急電鉄,30381,35.571325,139.68549000000002
喜多見,1,小田急電鉄,30211,35.636498394848324,139.58677899893675
尾山台,1,東急電鉄,30063,35.606935,139.65412
雑色,1,京浜急行電鉄,29756,35.549775,139.715035
潮見,1,東日本旅客鉄道,29668,35.658865000000006,139.81717
天空橋,2,京浜急行電鉄・東京モノレール,29590,35.54828324727528,139.75456387769594
鷺ノ宮,1,西武鉄道,29582,35.722620000000006,139.63984499999998
幡ヶ谷,1,京王電鉄,29540,35.67676,139.67772000000002
永福町,1,京王電鉄,29479,35.676225,139.64267
東大島,1,東京都,29477,35.68987171782628,139.84729071013356
田園調布,1,東急電鉄,29464,35.59729,139.667285
志村三丁目,1,東京都,29443,35.777465,139.68586
祐天寺,1,東急電鉄,28970,35.63717,139.69074999999998
志村坂上,1,東京都,28843,35.77634,139.69473
武蔵関,1,西武鉄道,28819,35.727615,139.576365
大鳥居,1,京浜急行電鉄,28495,35.552319999999995,139.740225
宝町,1,東京都,28494,35.67568089000463,139.77209531756026
西巣鴨,1,東京都,28375,35.743415,139.728725
豊島園,2,東京都・西武鉄道,28375,35.7418225,139.6486125
曳舟,1,東武鉄道,28309,35.71831402395468,139.81664572121494
不動前,1,東急電鉄,28265,35.625454406556834,139.71320533498331
新板橋,1,東京都,28249,35.74884,139.71936499999998
若松河田,1,東京都,27802,35.699164999999994,139.718185
新江古田,1,東京都,27685,35.732490806928034,139.67056529535736
千駄木,1,東京地下鉄,27607,35.72574575965298,139.76330335436774
代官山,1,東急電鉄,27591,35.64825,139.70349
代々木公園,1,東京地下鉄,27333,35.66910463593046,139.68979065073245
葛西臨海公園,1,東日本旅客鉄道,27292,35.64417,139.861485
糀谷,1,京浜急行電鉄,27152,35.55445,139.72959
辰巳,1,東京地下鉄,27148,35.645775,139.81033
等々力,1,東急電鉄,26931,35.60837,139.64796
中板橋,1,東武鉄道,26869,35.756280000000004,139.694385
浜田山,1,京王電鉄,26853,35.681575,139.627575
高島平,1,東京都,26750,35.788934999999995,139.661295
西大島,1,東京都,26736,35.689347317495034,139.8263200409549
富士見台,1,西武鉄道,26662,35.73585,139.629815
南阿佐ヶ谷,1,東京地下鉄,26654,35.699455,139.635575
芝公園,1,東京都,26633,35.65345507547661,139.7497196925944
根津,1,東京地下鉄,26589,35.717325,139.76575000000005
豪徳寺,1,小田急電鉄,26183,35.65373286762317,139.64709928072926
落合南長崎,1,東京都,25931,35.723371410673025,139.68348918556208
東大前,1,東京地下鉄,25870,35.71801445698856,139.75788084132674
白金台,1,東京地下鉄,25775,35.63777,139.72586
練馬高野台,1,西武鉄道,25409,35.740615000000005,139.616835
落合,1,東京地下鉄,25129,35.710635,139.685965
馬込,1,東京都,25129,35.596444276175355,139.71185352325838
新大塚,1,東京地下鉄,25095,35.726129638040995,139.72935474586475
東長崎,1,西武鉄道,24858,35.729969999999994,139.68318499999998
武蔵新田,1,東急電鉄,24739,35.567755000000005,139.692435
末広町,1,東京地下鉄,24601,35.70278027248126,139.77176265185773
矢口渡,1,東急電鉄,24574,35.56245,139.70033999999998
西台,1,東京都,24284,35.78708,139.67268
本蓮沼,1,東京都,23943,35.768985,139.70211
上野広小路,1,東京地下鉄,23792,35.707765845710064,139.77301168337135
築地市場,1,東京都,23148,35.66496,139.76675
菊川,1,東京都,23140,35.68840739611675,139.80612518987868
京成関屋,1,京成電鉄,23003,35.743965,139.81185
三河島,1,東日本旅客鉄道,23000,35.73338249172961,139.77707465520052
御嶽山,1,東急電鉄,22959,35.585223364560896,139.68238204713475
羽田空港第2ターミナル,1,東京モノレール,22945,35.550795,139.78820000000002
京成金町,1,京成電鉄,22905,35.76845,139.87034999999997
北参道,1,東京地下鉄,22635,35.67850267004146,139.7054682412394
野方,1,西武鉄道,22400,35.719580252951104,139.6535150756634
高輪ゲートウェイ,1,東日本旅客鉄道,22220,35.63537871564046,139.74064445377724
下井草,1,西武鉄道,21827,35.723870000000005,139.624735
練馬春日町,1,東京都,21703,35.751360000000005,139.64076
雪が谷大塚,1,東急電鉄,21632,35.591965,139.681125
上野毛,1,東急電鉄,21449,35.61198159095242,139.63893082483233
堀切菖蒲園,1,京成電鉄,21209,35.74765,139.82754
羽田空港第1ターミナル,1,東京モノレール,21182,35.549087211932935,139.78464817420706
大森町,1,京浜急行電鉄,20738,35.5725,139.73201
浜町,1,東京都,20676,35.68859,139.788125
台場,1,ゆりかもめ,20606,35.625870000000006,139.77137499999998
牛田,1,東武鉄道,20499,35.744545,139.81177000000002
本所吾妻橋,1,東京都,20350,35.70860060167416,139.80455962678647
尾久,1,東日本旅客鉄道,20306,35.74681037702771,139.7538766468698
本駒込,1,東京地下鉄,20191,35.72436434812486,139.75381158514364
戸越,1,東京都,20035,35.614425,139.716375
牛込柳町,1,東京都,19728,35.69946,139.72519
中野新橋,1,東京地下鉄,19605,35.69168576097117,139.67400113918094
東京ビッグサイト,1,ゆりかもめ,19352,35.63021,139.7913
穴守稲荷,1,京浜急行電鉄,19293,35.550340138890945,139.74668854443772
雑司が谷,1,東京地下鉄,18916,35.7202,139.714715
新井薬師前,1,西武鉄道,18903,35.71577104393152,139.67259102156356
椎名町,1,西武鉄道,18897,35.726495,139.69431500000002
鵜の木,1,東急電鉄,18846,35.575385,139.68054999999998
京成曳舟,1,京成電鉄,18818,35.71864,139.82028
戸越銀座,1,東急電鉄,18702,35.61601,139.715
蓮根,1,東京都,18624,35.784054999999995,139.67906
中野富士見町,1,東京地下鉄,18372,35.69082,139.668155
代々木八幡,1,小田急電鉄,18237,35.669715602924256,139.68905604821347
東向島,1,東武鉄道,18155,35.724355,139.81933500000002
上井草,1,西武鉄道,18132,35.725255,139.602955
井荻,1,西武鉄道,17843,35.724660750017456,139.6156150308289
京成小岩,1,京成電鉄,17629,35.742215,139.883615
稲荷町,1,東京地下鉄,17533,35.711388290523665,139.78221057306752
四ツ木,1,京成電鉄,17398,35.731715,139.834655
沼袋,1,西武鉄道,17330,35.71916,139.66484
都立家政,1,西武鉄道,17185,35.72219,139.64543
西永福,1,京王電鉄,17087,35.678875000000005,139.635155
代田橋,1,京王電鉄,16941,35.671075,139.65939500000002
立会川,1,京浜急行電鉄,16820,35.598505,139.738945
多摩川,1,東急電鉄,16641,35.5896453476706,139.66869759614377
洗足池,1,東急電鉄,16529,35.599675000000005,139.690925
千住大橋,1,京成電鉄,15863,35.74241,139.79705
六郷土手,1,京浜急行電鉄,15740,35.540530000000004,139.707565
梅屋敷,1,京浜急行電鉄,15634,35.566785,139.72816999999998
下板橋,1,東武鉄道,15274,35.74504284458387,139.7156645802545
久が原,1,東急電鉄,15247,35.579455,139.68567000000002
流通センター,1,東京モノレール,15055,35.581445,139.749185
東松原,1,京王電鉄,14960,35.662644542828474,139.65568711403276
千鳥町,1,東急電鉄,14744,35.573,139.69142
荏原町,1,東急電鉄,14734,35.60381,139.707545
桜台,1,西武鉄道,14704,35.738745,139.6624
下赤塚,1,東武鉄道,14664,35.770485,139.64485000000002
新馬場,1,京浜急行電鉄,14577,35.616579850058066,139.74151419694127
志茂,1,東京地下鉄,14514,35.778025,139.73250000000002
長原,1,東急電鉄,14415,35.60223,139.69797
上北沢,1,京王電鉄,14265,35.668845000000005,139.623415
石川台,1,東急電鉄,14213,35.59686,139.68509
東雲,1,東京臨海高速鉄道,14078,35.640820000000005,139.80416
市場前,1,ゆりかもめ,13997,35.64569,139.78565
洗足,1,東急電鉄,13969,35.61009,139.69410499999998
上中里,1,東日本旅客鉄道,13790,35.747082415927586,139.74592597575577
芦花公園,1,京王電鉄,13515,35.670523719538615,139.60825230912926
八広,1,京成電鉄,13264,35.72721368509122,139.8283213335783
見沼代親水公園,1,東京都,13251,35.814605,139.7707
牛込神楽坂,1,東京都,13232,35.700915,139.73604
お台場海浜公園,1,ゆりかもめ,13195,35.629805000000005,139.77853
高輪台,1,東京都,13185,35.631674785033084,139.73036878810424
桜田門,1,東京地下鉄,13025,35.677458492154926,139.75188648682615
戸越公園,1,東急電鉄,12977,35.60893,139.71839
大森海岸,1,京浜急行電鉄,12949,35.58757921154468,139.73533750163307
青井,1,首都圏新都市鉄道,12900,35.772,139.820245
国立競技場,1,東京都,12767,35.67985758144212,139.71487559876786
熊野前,2,東京都,12638,35.748712499999996,139.76960250000002
参宮橋,1,小田急電鉄,12634,35.678605000000005,139.69358499999998
江北,1,東京都,12626,35.773785000000004,139.77034500000002
富士見ヶ丘,1,京王電鉄,12575,35.68481410921566,139.60719629508
大師前,1,東武鉄道,12557,35.77895,139.781655
九品仏,1,東急電鉄,12440,35.605375,139.66101
荏原中延,1,東急電鉄,12393,35.6099,139.71203
鐘ヶ淵,1,東武鉄道,12297,35.733760000000004,139.82037
西高島平,1,東京都,12229,35.791895,139.645685
奥沢,1,東急電鉄,11973,35.60394499999999,139.67241
西新井大師西,1,東京都,11848,35.78116,139.77014
下落合,1,西武鉄道,11361,35.71569180301044,139.6953003485867
新豊洲,1,ゆりかもめ,11256,35.64871,139.790115
神泉,1,京王電鉄,10870,35.65717445226107,139.69313046835487
小村井,1,東武鉄道,10765,35.71032,139.82761
谷在家,1,東京都,10579,35.78868,139.7701
越中島,1,東日本旅客鉄道,10442,35.668,139.792495
沼部,1,東急電鉄,9937,35.58249,139.67317
扇大橋,1,東京都,9913,35.764135,139.77085
北池袋,1,東武鉄道,9819,35.740335,139.71639499999998
緑が丘,1,東急電鉄,9786,35.606475,139.67915
世田谷代田,1,小田急電鉄,9543,35.658355,139.66160000000002
松陰神社前,1,東急電鉄,9531,35.643885,139.65499
鮫洲,1,京浜急行電鉄,9468,35.60507,139.742445
新桜台,1,西武鉄道,9386,35.741027980827866,139.66865754130097
有明,1,ゆりかもめ,9242,35.63455,139.79334
王子駅前,1,東京都,9239,35.752734746398055,139.73822673251192
舎人,1,東京都,9145,35.80572,139.77013499999998
新高島平,1,東京都,9044,35.79022,139.65433000000002
下神明,1,東急電鉄,8823,35.60871,139.72631
上町,1,東急電鉄,8814,35.64358429441841,139.6463820261394
西ヶ原,1,東京地下鉄,8735,35.745945,139.74226
池ノ上,1,京王電鉄,8719,35.66037,139.673455
町屋駅前,1,東京都,8555,35.742775,139.780775
北品川,1,京浜急行電鉄,8531,35.62244375381261,139.73930058097167
テレコムセンター,1,ゆりかもめ,8505,35.617725,139.77966500000002
柴又,1,京成電鉄,8453,35.75642703473659,139.8752871960279
新代田,1,京王電鉄,8395,35.662495,139.66138999999998
有明テニスの森,1,ゆりかもめ,8148,35.63998,139.788895
大塚駅前,1,東京都,7990,35.73162,139.729455
蓮沼,1,東急電鉄,7872,35.563959999999994,139.7086
山下,1,東急電鉄,7784,35.65419256031058,139.6464475045706
若林,1,東急電鉄,7606,35.645925000000005,139.65991
東北沢,1,小田急電鉄,7599,35.665440000000004,139.67304
世田谷,1,東急電鉄,7592,35.643495,139.65084000000002
東あずま,1,東武鉄道,7504,35.707375,139.831595
北千束,1,東急電鉄,7069,35.60628,139.69326999999998
大崎広小路,1,東急電鉄,7045,35.622305,139.722355
高野,1,東京都,6208,35.768255,139.77071999999998
江戸川,1,京成電鉄,5964,35.73785678851627,139.89576035591085
小菅,1,東武鉄道,5956,35.758685,139.81265
昭和島,1,東京モノレール,5841,35.57062045679929,139.7499132430065
新三河島,1,京成電鉄,5696,35.73727238209674,139.774048625924
赤土小学校前,1,東京都,5317,35.74306,139.76913000000002
新柴又,1,北総鉄道,5070,35.75135,139.87982
芝浦ふ頭,1,ゆりかもめ,4907,35.64222,139.75787
竹芝,1,ゆりかもめ,4833,35.654065,139.762015
舎人公園,1,東京都,4819,35.796665000000004,139.77012
亀戸水神,1,東武鉄道,4224,35.699945,139.83339
新整備場,1,東京モノレール,4167,35.5428217613642,139.7868155723181
堀切,1,東武鉄道,4041,35.743345,139.81738
宮の坂,1,東急電鉄,4002,35.64755,139.64492
南新宿,1,小田急電鉄,3875,35.68355512424229,139.6986498978134
東池袋四丁目,1,東京都,3743,35.7255,139.720735
足立小台,1,東京都,3596,35.754635,139.770205
荒川車庫前,1,東京都,3350,35.75086,139.752805
三ノ輪橋,1,東京都,3266,35.73222,139.791505
小台,1,東京都,3186,35.75049,139.761735
松原,1,東急電鉄,3113,35.6602,139.64189499999998
宮ノ前,1,東京都,3101,35.749885,139.765765
東京国際クルーズターミナル,1,ゆりかもめ,2963,35.62135744628905,139.77310318066412
新庚申塚,1,東京都,2649,35.741105000000005,139.73035
梶原,1,東京都,2628,35.75107,139.7473
鬼子母神前,1,東京都,2564,35.72058,139.715155
西ヶ原四丁目,1,東京都,2515,35.744235,139.732685
庚申塚,1,東京都,2450,35.739125,139.729555
日の出,1,ゆりかもめ,2404,35.64926,139.75916
荒川遊園地前,1,東京都,2207,35.75064881983458,139.7574749545492
整備場,1,東京モノレール,1926,35.5551,139.75336
学習院下,1,東京都,1716,35.71575,139.71231
荒川区役所前,1,東京都,1689,35.735365,139.78601
滝野川一丁目,1,東京都,1610,35.7473,139.735415
東尾久三丁目,1,東京都,1563,35.74562414451688,139.77384941553055
青海,1,ゆりかもめ,1483,35.6248,139.781315
向原,1,東京都,1460,35.728765,139.724805
巣鴨新田,1,東京都,1180,35.73516,139.72791
都電雑司ヶ谷,1,東京都,1067,35.72407836675146,139.7178268000898
飛鳥山,1,東京都,993,35.750065,139.73732
荒川二丁目,1,東京都,845,35.738600000000005,139.78469
面影橋,1,東京都,822,35.712855,139.714675
栄町,1,東京都,789,35.75084,139.74222
町屋二丁目,1,東京都,775,35.743915,139.776425
西太子堂,1,東急電鉄,734,35.64452,139.66635
荒川一中前,1,東京都,699,35.73369,139.788805
荒川七丁目,1,東京都,473,35.742000000000004,139.784045
