StudentID,LifeSatisfaction,StudyHours,AttendanceRate,FriendCount,SleepHours,ExerciseHours,MentalStress,InternetUse,PartTimeHours
S0001,7.0,4.8,80.0,0,6.6,0.2,2,3.0,3
S0002,6.4,4.4,100.0,3,7.5,0.4,3,3.9,5
S0003,6.2,10.2,86.0,3,6.6,1.1,3,4.8,7
S0004,5.7,11.5,86.0,6,5.5,6.2,4,6.8,13
S0005,4.7,14.0,76.0,5,6.9,0.8,8,1.6,14
S0006,6.3,14.2,93.0,2,5.5,3.4,2,7.8,3
S0007,3.2,17.1,93.0,5,5.7,3.9,7,3.6,10
S0008,3.8,20.0,73.0,5,6.4,1.0,8,2.6,10
S0009,6.6,14.7,90.0,7,7.7,2.7,4,3.2,8
S0010,4.7,11.0,93.0,2,6.0,1.5,4,6.3,10
S0011,5.0,20.9,76.0,5,5.9,2.2,6,5.2,6
S0012,4.7,18.6,82.0,5,6.4,0.5,8,6.4,8
S0013,4.7,10.8,84.0,3,5.3,7.6,10,3.1,24
S0014,4.1,26.0,80.0,5,4.9,0.7,7,6.5,20
S0015,3.7,0.0,90.0,7,4.9,1.8,8,3.7,17
S0016,6.6,13.1,81.0,4,6.2,4.4,4,4.9,5
S0017,7.7,6.0,72.0,6,6.6,1.1,3,2.7,6
S0018,9.0,8.2,88.0,2,5.3,0.2,2,3.4,0
S0019,8.2,6.9,81.0,11,6.1,0.7,3,2.9,10
S0020,7.1,16.4,78.0,6,5.4,4.9,4,5.7,23
S0021,5.6,10.2,94.0,5,5.1,2.4,6,5.5,9
S0022,7.6,22.4,73.0,5,8.8,2.4,3,0.2,0
S0023,6.1,18.1,75.0,7,6.2,7.0,7,4.2,20
S0024,5.7,2.8,91.0,4,6.1,1.5,5,4.2,5
S0025,7.2,23.2,74.0,7,7.5,1.8,4,1.6,13
S0026,7.4,14.1,72.0,5,7.5,1.3,4,1.8,3
S0027,3.9,15.7,90.0,4,3.9,6.6,9,6.1,17
S0028,6.4,23.4,96.0,9,5.4,3.1,6,3.4,9
S0029,8.9,10.0,77.0,12,5.7,7.7,3,5.6,2
S0030,4.8,18.3,83.0,2,3.8,2.8,3,5.5,11
S0031,5.6,4.4,83.0,4,6.9,3.8,9,0.2,24
S0032,7.5,20.0,89.0,4,5.1,4.7,4,6.5,4
S0033,5.0,16.7,100.0,5,5.9,1.3,8,1.4,12
S0034,6.6,19.3,84.0,4,6.1,7.1,8,2.9,12
S0035,7.8,15.4,90.0,1,7.1,3.6,1,3.6,6
S0036,2.8,24.6,90.0,3,6.0,0.6,8,4.7,9
S0037,5.4,15.1,73.0,3,5.7,2.8,5,4.7,16
S0038,5.8,28.0,91.0,4,6.4,3.1,3,3.4,1
S0039,6.6,4.1,81.0,5,6.8,1.7,4,3.6,1
S0040,4.4,17.1,87.0,6,5.2,4.7,6,4.7,25
S0041,5.8,9.5,91.0,2,5.9,4.2,6,5.6,16
S0042,7.4,16.6,85.0,10,5.6,0.6,6,3.2,6
S0043,5.6,10.9,73.0,2,5.7,6.8,4,4.9,2
S0044,4.2,14.8,63.0,8,6.0,5.2,8,4.8,8
S0045,4.5,1.2,75.0,2,6.1,3.4,8,2.7,15
S0046,4.2,14.7,87.0,3,4.8,3.6,9,3.3,9
S0047,4.3,8.7,73.0,2,5.9,0.8,7,3.7,13
S0048,2.7,10.1,76.0,5,3.5,2.1,9,8.2,10
S0049,3.4,16.2,84.0,5,5.0,1.1,9,4.6,10
S0050,4.1,15.4,95.0,11,5.0,1.7,7,5.5,10
S0051,3.1,24.3,85.0,3,5.5,8.6,7,5.5,16
S0052,5.6,17.9,81.0,5,5.7,0.5,6,2.9,6
S0053,6.3,20.5,69.0,7,6.8,2.0,6,4.9,11
S0054,5.7,22.0,88.0,6,6.9,2.2,7,1.1,12
S0055,8.8,12.6,88.0,3,7.3,4.0,2,1.5,14
S0056,7.1,8.9,84.0,7,5.8,0.4,5,4.9,6
S0057,5.4,8.6,77.0,5,6.4,2.2,6,3.3,30
S0058,8.4,26.3,80.0,7,5.4,2.5,1,4.6,5
S0059,7.4,10.4,69.0,4,5.5,3.0,2,5.2,21
S0060,3.1,13.5,86.0,1,5.5,0.6,8,7.9,9
S0061,8.0,16.4,81.0,9,6.9,2.2,3,3.9,6
S0062,5.9,13.6,92.0,4,6.2,1.2,4,4.3,2
S0063,9.2,19.8,88.0,14,8.3,2.9,6,0.2,4
S0064,8.3,23.6,100.0,7,4.4,5.5,4,6.6,7
S0065,7.0,22.3,83.0,2,5.0,6.4,3,4.1,7
S0066,6.9,24.3,96.0,2,5.5,4.7,4,3.0,4
S0067,4.4,18.2,87.0,6,6.1,3.4,4,5.8,12
S0068,5.7,15.3,69.0,5,4.5,3.2,4,4.2,18
S0069,5.6,15.0,94.0,4,6.7,4.6,6,2.8,10
S0070,4.4,16.3,87.0,9,5.6,0.3,8,2.6,12
S0071,5.8,12.9,80.0,7,6.1,2.9,6,5.4,3
S0072,4.8,14.5,88.0,2,6.0,1.5,8,6.0,8
S0073,6.4,17.5,77.0,7,5.8,3.4,7,4.2,8
S0074,4.0,7.2,79.0,4,4.9,1.3,7,3.9,11
S0075,3.8,0.0,64.0,4,3.9,3.6,6,8.2,12
S0076,5.6,11.4,83.0,3,7.1,0.8,5,3.5,8
S0077,9.2,12.4,84.0,13,7.0,0.7,6,2.4,6
S0078,5.2,17.3,90.0,3,5.3,2.5,6,5.5,7
S0079,7.1,12.1,87.0,4,6.5,2.8,3,3.1,11
S0080,7.3,3.7,84.0,9,7.9,2.4,7,1.7,4
S0081,6.4,5.2,86.0,5,6.0,1.6,6,4.8,18
S0082,6.8,9.7,87.0,4,7.2,3.7,6,3.5,9
S0083,7.0,14.4,85.0,8,4.8,0.5,4,7.6,2
S0084,6.6,18.3,88.0,8,5.7,0.1,1,5.1,0
S0085,4.1,20.0,92.0,2,4.8,3.2,8,6.3,8
S0086,3.3,12.6,94.0,1,5.1,2.2,5,6.8,12
S0087,6.9,8.7,92.0,7,6.9,0.4,1,5.6,10
S0088,5.0,10.0,69.0,7,4.4,0.6,6,6.4,5
S0089,6.7,14.5,90.0,4,7.5,0.8,4,2.3,3
S0090,4.6,15.6,73.0,7,5.6,5.7,7,2.7,3
S0091,6.9,15.5,82.0,4,6.5,2.0,5,4.1,5
S0092,4.6,20.8,89.0,4,4.5,2.6,7,6.3,10
S0093,3.7,4.3,74.0,1,5.4,1.7,6,5.4,10
S0094,6.9,18.6,66.0,2,7.6,0.7,6,5.7,11
S0095,4.2,18.4,64.0,4,4.9,2.0,5,6.2,19
S0096,3.9,22.2,88.0,5,5.9,3.9,8,4.1,8
S0097,7.2,30.2,64.0,7,6.3,1.0,3,3.0,5
S0098,3.3,12.0,86.0,7,4.6,4.7,8,2.9,15
S0099,4.5,22.7,94.0,2,5.5,5.6,7,7.1,5
S0100,7.7,15.6,72.0,11,6.5,4.7,4,1.3,6
S0101,6.7,21.4,84.0,9,5.6,1.1,5,1.8,10
S0102,6.2,19.1,90.0,2,5.4,2.2,4,5.0,10
S0103,7.7,13.3,94.0,6,7.2,3.3,5,2.4,5
S0104,4.4,18.2,99.0,8,3.9,3.7,7,5.4,5
S0105,7.2,13.5,70.0,6,7.3,2.8,4,2.8,11
S0106,4.3,7.3,78.0,3,4.3,2.0,7,4.1,16
S0107,6.4,10.2,80.0,7,6.7,1.6,7,2.6,18
S0108,4.2,20.9,89.0,7,4.8,1.1,6,5.2,9
S0109,4.7,11.8,82.0,9,4.4,1.2,8,4.9,18
S0110,5.7,18.9,80.0,4,6.6,5.7,5,7.1,9
S0111,6.4,10.9,80.0,8,5.6,4.2,7,5.4,10
S0112,3.8,3.0,82.0,3,5.5,2.6,10,5.3,25
S0113,5.8,18.1,77.0,3,5.5,1.9,5,2.7,13
S0114,6.5,5.0,79.0,4,7.0,5.3,5,3.7,1
S0115,7.1,7.7,93.0,13,7.0,0.1,5,3.2,13
S0116,5.6,8.7,83.0,4,6.9,3.3,6,1.0,12
S0117,7.2,14.4,78.0,6,6.3,2.6,4,1.6,2
S0118,5.6,0.0,86.0,4,6.6,1.6,5,3.8,23
S0119,8.2,23.1,76.0,7,5.5,2.1,2,4.7,7
S0120,6.8,15.9,100.0,5,5.9,3.0,3,7.3,0
S0121,8.0,13.1,96.0,7,7.1,1.9,3,2.8,10
S0122,5.8,0.0,91.0,4,7.6,0.6,3,1.5,3
S0123,5.9,15.4,79.0,2,4.0,3.1,4,5.4,2
S0124,4.7,13.1,96.0,6,6.3,1.7,7,3.4,14
S0125,6.4,19.5,95.0,1,6.3,1.1,4,2.6,6
S0126,5.6,18.2,70.0,6,5.9,0.3,3,3.2,7
S0127,6.8,3.8,78.0,6,7.6,0.5,6,0.2,8
S0128,3.9,5.5,69.0,3,5.5,1.4,6,3.9,7
S0129,8.4,3.0,91.0,6,6.1,3.4,2,4.5,0
S0130,7.6,16.2,86.0,6,6.3,9.1,5,4.1,7
S0131,7.9,9.4,85.0,7,6.3,3.5,3,3.0,14
S0132,6.4,16.8,79.0,5,7.3,1.3,4,3.8,1
S0133,6.6,8.4,81.0,3,5.9,1.4,4,6.1,11
S0134,5.0,19.3,80.0,3,7.1,0.5,7,2.5,4
S0135,4.3,17.1,83.0,8,4.0,0.9,4,8.0,6
S0136,7.2,13.2,80.0,2,6.6,1.5,5,4.1,21
S0137,5.5,4.2,90.0,3,5.8,3.6,6,4.7,8
S0138,3.7,16.3,76.0,5,5.3,0.5,7,9.5,6
S0139,4.2,4.6,87.0,6,5.4,5.4,8,4.8,14
S0140,7.0,14.0,82.0,4,6.7,2.8,3,3.6,1
S0141,4.1,7.3,92.0,2,5.0,0.7,8,4.8,5
S0142,5.6,19.5,80.0,5,6.2,3.7,6,1.9,14
S0143,2.4,23.0,65.0,1,4.3,4.2,8,6.8,7
S0144,5.8,5.5,79.0,3,7.1,0.7,7,4.5,24
S0145,5.9,9.8,60.0,5,5.6,2.5,4,4.3,13
S0146,4.9,31.3,100.0,7,6.3,0.8,5,3.0,15
S0147,5.0,14.2,97.0,5,5.6,1.7,5,4.9,8
S0148,3.7,6.8,78.0,3,5.3,1.8,6,5.8,13
S0149,5.8,5.2,76.0,2,7.3,6.6,9,0.2,15
S0150,7.2,15.0,77.0,4,7.0,0.9,5,1.5,10
S0151,6.8,13.5,87.0,5,5.7,4.9,4,5.2,2
S0152,3.0,20.7,89.0,3,6.0,0.9,10,3.2,9
S0153,7.2,25.5,74.0,9,7.3,1.2,3,3.9,30
S0154,6.0,21.5,88.0,4,6.1,5.8,5,1.9,17
S0155,5.3,8.4,66.0,8,5.6,0.8,5,2.1,8
S0156,5.2,11.4,78.0,2,5.1,1.4,3,6.3,11
S0157,4.9,14.4,83.0,5,6.1,1.6,7,4.9,6
S0158,4.8,8.6,78.0,7,6.3,0.1,7,5.2,11
S0159,6.6,8.5,84.0,4,6.5,4.1,5,0.2,15
S0160,7.4,5.0,65.0,4,6.1,8.3,5,4.5,18
S0161,4.9,14.4,84.0,2,5.3,0.9,5,4.8,7
S0162,7.1,11.5,80.0,7,6.4,4.8,2,4.9,0
S0163,5.4,15.4,84.0,3,5.7,2.9,6,2.9,7
S0164,8.2,13.3,78.0,6,6.0,5.2,3,5.9,2
S0165,5.6,21.7,87.0,1,5.5,5.7,3,6.2,12
S0166,5.2,7.2,95.0,3,4.6,2.1,6,4.1,5
S0167,6.0,9.6,85.0,4,6.6,1.7,7,0.2,5
S0168,7.1,15.7,79.0,6,5.7,0.7,3,3.9,9
S0169,4.8,4.0,80.0,6,7.4,3.1,7,4.5,10
S0170,3.0,16.9,69.0,8,4.9,0.6,9,5.4,30
S0171,4.4,14.9,84.0,6,6.7,0.1,6,3.3,6
S0172,6.5,18.4,83.0,8,4.7,3.2,5,5.2,15
S0173,5.9,11.3,82.0,8,7.8,0.2,6,3.8,15
S0174,6.5,13.4,74.0,6,6.9,6.1,4,4.0,11
S0175,6.9,19.1,84.0,4,6.0,1.5,3,3.8,5
S0176,5.3,13.9,95.0,4,4.8,0.7,6,5.2,12
S0177,4.5,23.6,93.0,5,4.8,1.3,7,6.5,7
S0178,4.9,15.3,69.0,7,4.7,4.5,4,5.9,11
S0179,7.2,15.0,89.0,7,7.1,3.4,4,2.3,1
S0180,5.1,13.9,74.0,7,4.0,0.9,4,5.6,2
S0181,7.3,6.4,83.0,3,6.5,0.8,4,3.6,12
S0182,8.2,12.9,84.0,5,7.4,2.1,3,4.8,5
S0183,9.1,15.8,99.0,6,7.9,4.6,2,0.2,13
S0184,5.7,16.4,85.0,12,6.7,1.3,7,5.6,12
S0185,5.7,8.4,78.0,7,6.4,4.0,5,3.6,18
S0186,4.7,18.9,91.0,8,6.1,3.6,5,3.6,12
S0187,5.4,20.2,87.0,2,5.4,4.0,9,4.4,14
S0188,6.8,19.5,100.0,6,6.3,0.7,4,2.0,8
S0189,6.5,29.2,87.0,6,7.8,1.4,6,2.5,3
S0190,6.7,12.4,97.0,1,6.7,1.4,3,0.2,10
S0191,6.1,19.9,88.0,11,5.2,0.2,4,4.8,3
S0192,5.8,3.8,100.0,3,6.4,1.2,7,3.1,11
S0193,6.4,1.9,91.0,9,5.9,0.3,5,4.5,9
S0194,6.6,20.0,92.0,4,6.8,6.1,2,4.9,2
S0195,8.9,23.5,100.0,8,7.3,3.6,2,3.2,20
S0196,5.5,21.7,78.0,4,7.4,2.4,6,5.3,21
S0197,8.7,22.4,87.0,10,5.0,3.6,3,0.2,22
S0198,7.1,10.5,76.0,6,6.3,1.7,7,3.4,16
S0199,5.4,3.4,78.0,2,5.6,1.1,6,4.8,6
S0200,5.9,13.7,79.0,8,6.1,1.6,5,2.6,3
S0201,6.5,12.6,75.0,3,6.2,4.5,5,4.1,7
S0202,4.6,17.8,92.0,5,6.2,3.3,7,3.0,9
S0203,5.4,19.0,94.0,5,5.9,1.6,5,5.5,13
S0204,8.2,7.5,91.0,13,5.9,2.8,3,5.7,0
S0205,7.1,22.0,84.0,6,7.5,5.9,6,2.5,4
S0206,8.8,15.7,89.0,7,8.0,1.1,4,3.0,12
S0207,6.1,19.0,81.0,10,5.4,3.6,5,4.2,24
S0208,7.8,15.5,85.0,9,6.2,3.1,6,3.2,8
S0209,3.7,13.8,72.0,3,6.3,0.3,6,4.2,14
S0210,6.0,19.1,83.0,11,6.0,2.0,7,3.5,22
S0211,3.9,19.5,72.0,3,5.4,2.1,5,4.3,13
S0212,7.0,13.6,85.0,6,6.9,1.7,4,1.9,4
S0213,4.0,18.8,78.0,2,4.8,4.0,5,4.4,22
S0214,6.7,23.5,90.0,5,6.0,3.3,6,5.7,3
S0215,7.0,9.0,86.0,4,5.8,0.2,4,1.7,4
S0216,4.3,19.0,75.0,3,5.3,3.1,4,4.6,29
S0217,5.1,10.2,65.0,3,5.9,2.3,4,4.3,25
S0218,7.0,26.5,81.0,3,7.3,1.4,4,5.0,7
S0219,7.1,15.7,98.0,7,8.3,0.9,5,0.2,11
S0220,3.4,9.1,87.0,4,6.2,1.7,10,3.6,13
S0221,7.8,13.5,87.0,3,7.4,0.6,4,3.2,9
S0222,5.8,15.8,100.0,5,6.2,1.8,6,5.1,10
S0223,5.1,4.0,89.0,2,5.1,2.3,5,5.4,9
S0224,6.7,4.6,76.0,1,7.1,7.6,5,0.2,12
S0225,6.4,17.8,91.0,5,6.4,2.1,5,2.6,6
S0226,4.4,9.3,76.0,6,5.2,1.1,9,4.5,9
S0227,6.1,26.4,96.0,5,6.3,3.1,5,4.7,5
S0228,3.4,14.8,75.0,7,5.3,0.6,8,4.7,10
S0229,4.9,9.1,79.0,2,6.0,0.1,6,2.2,8
S0230,7.6,16.0,82.0,6,6.4,5.0,3,3.0,26
S0231,7.0,5.7,72.0,4,6.0,3.3,4,4.6,4
S0232,5.7,7.4,86.0,3,4.8,0.5,4,5.4,2
S0233,7.7,22.7,86.0,10,6.9,6.0,3,4.4,2
S0234,4.3,8.4,75.0,7,6.8,1.6,7,2.3,16
S0235,8.5,12.9,90.0,5,5.7,3.2,6,0.2,11
S0236,4.0,11.0,83.0,6,5.9,2.0,6,2.9,11
S0237,6.8,24.1,88.0,7,8.0,2.2,3,3.4,4
S0238,6.6,0.0,86.0,2,5.1,2.9,6,3.7,7
S0239,6.8,20.1,70.0,6,6.1,8.6,4,4.9,19
S0240,3.0,14.3,64.0,1,6.1,5.0,10,5.1,18
S0241,4.8,26.5,78.0,5,3.8,2.9,5,8.0,2
S0242,6.2,19.9,100.0,9,6.8,1.0,6,4.3,5
S0243,4.6,3.6,70.0,7,5.7,5.5,6,5.0,24
S0244,5.7,17.2,87.0,5,5.5,3.1,4,7.3,17
S0245,5.8,18.4,81.0,4,5.4,1.2,4,6.0,6
S0246,8.3,12.6,77.0,12,7.2,1.0,4,3.2,11
S0247,5.9,24.2,90.0,2,6.3,2.2,7,5.7,17
S0248,7.2,20.3,71.0,5,8.0,3.7,4,2.0,7
S0249,4.2,8.8,92.0,2,5.4,5.9,5,5.7,9
S0250,3.4,6.8,76.0,7,5.2,0.8,6,5.9,18
S0251,7.5,14.5,83.0,2,6.7,4.6,4,3.4,8
S0252,6.5,19.7,95.0,12,5.2,2.8,3,6.3,4
S0253,6.4,20.5,80.0,3,6.1,1.0,3,5.3,13
S0254,5.0,5.6,100.0,10,5.5,3.1,4,3.4,9
S0255,7.1,0.0,79.0,10,5.2,5.5,3,5.9,2
S0256,5.1,8.5,91.0,5,6.2,0.7,7,3.2,8
S0257,6.2,6.5,89.0,4,6.0,6.1,5,4.5,18
S0258,6.4,3.3,75.0,7,5.5,2.6,5,1.9,18
S0259,5.6,16.1,80.0,5,4.4,3.6,3,6.5,18
S0260,4.9,15.0,68.0,6,6.7,1.6,6,3.6,30
S0261,8.3,15.7,93.0,10,6.4,10.8,4,2.7,6
S0262,7.7,13.8,88.0,5,6.6,2.8,3,3.7,10
S0263,4.4,3.5,66.0,4,5.5,0.8,4,6.1,30
S0264,2.1,15.2,79.0,5,3.5,0.6,10,7.4,9
S0265,6.2,4.1,79.0,1,6.2,3.3,4,4.2,7
S0266,6.6,5.1,72.0,3,9.1,4.9,3,2.9,13
S0267,4.7,19.1,93.0,8,5.8,2.7,7,4.3,19
S0268,5.7,26.2,90.0,5,5.1,6.8,7,4.1,14
S0269,6.3,3.1,81.0,6,4.8,0.5,5,5.1,10
S0270,4.0,12.0,88.0,6,6.0,1.6,8,3.9,23
S0271,7.5,7.1,72.0,5,7.1,0.6,2,4.7,8
S0272,7.5,12.3,88.0,16,6.2,4.6,4,0.5,16
S0273,8.2,13.7,73.0,1,8.0,2.6,2,1.7,0
S0274,3.9,15.0,67.0,4,7.0,1.6,8,3.5,19
S0275,5.5,19.8,62.0,3,6.7,1.9,5,1.6,2
S0276,4.8,6.1,90.0,4,7.8,3.1,10,2.1,22
S0277,6.4,11.8,82.0,8,5.1,1.7,6,5.6,19
S0278,5.6,8.3,83.0,12,5.5,3.3,6,3.7,17
S0279,8.2,9.6,83.0,2,6.3,5.8,3,3.7,5
S0280,7.5,9.1,67.0,11,7.0,0.8,3,3.7,0
S0281,6.2,15.9,96.0,7,6.3,2.8,4,2.9,23
S0282,5.4,22.6,95.0,6,6.0,1.3,7,2.8,23
S0283,7.7,10.4,85.0,1,7.0,3.2,3,3.5,2
S0284,7.7,15.4,86.0,3,5.3,2.8,1,4.8,0
S0285,6.4,22.1,87.0,3,5.6,1.9,7,3.9,3
S0286,7.4,19.6,100.0,8,7.3,1.2,7,4.2,5
S0287,8.1,9.1,84.0,6,5.2,2.2,3,6.4,4
S0288,6.6,16.3,87.0,5,6.1,2.9,6,4.6,5
S0289,3.8,9.8,85.0,2,5.2,5.4,7,5.7,7
S0290,4.9,18.5,83.0,6,6.0,2.4,7,4.9,20
S0291,5.9,19.3,71.0,6,5.6,2.0,2,5.9,5
S0292,7.1,11.2,80.0,4,6.3,0.2,5,2.5,10
S0293,6.6,6.7,73.0,4,5.7,7.2,4,2.0,7
S0294,4.9,15.1,84.0,1,6.0,0.7,7,5.4,3
S0295,4.9,13.9,88.0,3,6.6,3.1,5,4.5,8
S0296,7.0,20.3,81.0,6,5.8,1.5,3,5.3,14
S0297,7.0,17.6,100.0,5,7.1,0.8,5,1.4,6
S0298,3.8,21.8,86.0,2,5.2,3.7,6,8.3,4
S0299,6.8,12.5,78.0,4,6.3,0.8,2,3.8,8
S0300,5.0,10.6,65.0,1,6.0,1.2,2,7.8,4
S0301,6.5,21.8,94.0,5,6.1,0.6,4,3.3,3
S0302,4.9,8.4,84.0,2,6.8,4.1,4,3.3,5
S0303,8.0,22.7,74.0,7,7.1,1.0,4,0.2,6
S0304,6.7,15.8,97.0,4,5.1,1.0,1,4.8,2
S0305,8.7,7.5,80.0,4,4.8,5.7,2,4.1,2
S0306,6.4,18.5,83.0,9,5.9,3.1,5,3.3,2
S0307,5.3,25.5,100.0,8,4.4,1.0,6,5.0,8
S0308,9.0,7.8,92.0,6,6.3,1.7,3,2.9,8
S0309,5.2,5.9,87.0,6,5.8,2.7,5,5.6,12
S0310,4.4,20.4,94.0,7,4.8,5.1,9,5.0,28
S0311,6.7,8.5,81.0,9,5.1,1.8,5,4.8,8
S0312,7.0,12.6,69.0,2,7.7,3.2,4,3.1,4
S0313,6.8,5.9,67.0,12,6.5,1.3,4,3.0,18
S0314,3.9,12.7,69.0,2,5.2,1.0,6,6.6,12
S0315,5.8,12.2,83.0,2,6.1,7.0,5,4.3,13
S0316,5.5,20.5,89.0,5,5.2,4.1,6,4.4,30
S0317,6.4,10.5,88.0,7,4.6,0.7,4,4.2,1
S0318,6.1,20.5,95.0,3,6.8,3.6,6,3.8,6
S0319,5.7,13.6,86.0,6,5.1,0.3,6,1.7,9
S0320,8.2,9.1,88.0,15,5.4,3.8,5,4.9,4
S0321,5.3,13.0,83.0,3,6.2,0.2,7,3.4,8
S0322,6.6,7.5,94.0,1,6.9,4.0,2,2.7,12
S0323,5.5,8.6,85.0,5,5.3,0.6,6,6.4,6
S0324,5.5,11.7,76.0,2,3.5,6.4,5,8.6,2
S0325,6.3,21.0,89.0,6,6.1,4.6,7,3.8,23
S0326,3.5,13.9,82.0,4,6.1,0.9,9,5.0,20
S0327,6.4,14.5,72.0,6,6.0,7.4,5,1.9,9
S0328,5.1,8.7,61.0,7,5.3,3.4,5,6.1,9
S0329,6.2,14.1,90.0,3,6.7,2.1,5,4.4,7
S0330,3.0,8.9,77.0,7,4.9,1.8,8,5.7,11
S0331,4.6,2.0,83.0,7,5.4,5.2,8,6.0,25
S0332,6.8,14.3,88.0,10,5.7,3.6,5,3.7,3
S0333,4.3,10.0,89.0,7,5.8,0.5,6,5.4,2
S0334,3.5,9.5,74.0,1,6.4,1.4,9,3.9,11
S0335,5.7,7.3,93.0,2,5.6,1.3,6,4.8,10
S0336,6.8,13.5,89.0,3,5.3,3.0,2,4.3,3
S0337,8.9,12.9,90.0,4,6.5,2.8,4,1.5,15
S0338,5.1,17.0,99.0,4,6.5,0.9,4,2.4,4
S0339,6.0,11.0,92.0,5,6.7,3.3,6,0.9,7
S0340,6.6,12.8,85.0,6,6.8,0.1,4,0.7,10
S0341,5.7,24.3,80.0,3,6.4,9.1,8,4.7,6
S0342,6.7,10.5,75.0,8,5.5,1.4,4,6.4,4
S0343,4.1,9.7,81.0,2,5.9,2.6,8,5.3,15
S0344,6.5,19.8,88.0,1,6.9,1.4,4,3.3,12
S0345,3.5,11.7,77.0,6,5.2,3.3,8,8.8,9
S0346,7.0,12.9,88.0,2,5.9,3.1,6,5.3,6
S0347,4.4,12.9,76.0,7,5.2,0.8,8,6.6,27
S0348,3.1,8.3,72.0,4,6.0,1.9,9,3.8,10
S0349,3.0,15.5,78.0,2,6.1,1.6,9,5.1,14
S0350,5.3,15.0,84.0,9,6.4,0.2,7,2.4,12
S0351,6.2,0.8,83.0,3,5.3,1.8,4,3.4,3
S0352,6.6,18.5,89.0,3,8.0,2.9,4,1.6,18
S0353,6.9,23.6,71.0,8,6.2,2.6,1,4.3,0
S0354,6.5,9.3,92.0,6,6.8,0.6,8,3.0,8
S0355,7.0,24.3,89.0,7,5.2,7.1,8,2.3,6
S0356,4.4,11.2,93.0,7,5.7,0.6,7,5.3,10
S0357,5.5,22.7,91.0,3,5.3,2.9,3,3.6,4
S0358,4.7,24.7,88.0,7,6.0,2.2,10,3.6,18
S0359,7.7,5.9,89.0,3,6.5,1.8,4,4.4,14
S0360,4.5,24.1,63.0,7,6.3,0.5,7,2.6,17
S0361,6.6,11.7,91.0,8,5.7,1.9,2,4.0,1
S0362,7.3,13.8,88.0,4,7.5,2.8,4,3.6,22
S0363,5.6,15.0,82.0,3,6.4,0.8,8,3.1,8
S0364,4.6,21.8,89.0,9,5.0,2.1,7,3.7,14
S0365,6.6,7.1,100.0,6,5.3,2.6,3,5.3,2
S0366,6.3,24.1,66.0,4,7.5,4.7,5,4.3,7
S0367,5.0,12.1,73.0,6,5.0,6.1,8,3.5,14
S0368,5.7,22.4,90.0,1,5.5,0.3,2,2.4,11
S0369,4.6,27.2,85.0,4,7.1,0.4,7,4.9,15
S0370,7.0,25.1,88.0,5,5.9,6.0,2,6.0,4
S0371,7.0,10.9,65.0,5,7.6,6.2,7,3.7,13
S0372,6.3,20.7,86.0,3,6.4,0.8,5,1.8,8
S0373,4.9,15.2,94.0,8,5.1,0.9,7,8.0,14
S0374,6.3,22.1,80.0,2,6.6,2.7,4,4.2,8
S0375,7.1,10.3,80.0,4,5.4,7.2,5,7.4,6
S0376,6.2,17.8,87.0,2,6.4,1.0,5,1.1,5
S0377,7.1,22.0,81.0,5,7.8,7.3,3,1.2,0
S0378,8.0,20.0,91.0,5,7.3,8.9,5,2.2,10
S0379,6.0,17.8,71.0,4,7.1,3.5,3,2.8,30
S0380,6.8,12.7,72.0,8,6.9,1.7,4,0.2,5
S0381,6.2,1.7,86.0,3,6.6,4.4,7,0.4,5
S0382,5.9,0.0,84.0,3,5.3,3.7,5,3.8,10
S0383,5.8,4.3,87.0,6,5.9,4.4,7,2.3,10
S0384,5.0,14.2,78.0,2,5.6,2.4,7,4.4,4
S0385,4.9,16.1,88.0,3,7.2,4.4,7,3.0,10
S0386,8.6,7.2,93.0,6,7.0,3.9,3,2.1,2
S0387,5.0,19.3,91.0,6,6.5,0.1,6,3.5,3
S0388,4.6,18.3,89.0,9,6.9,1.6,8,3.7,6
S0389,5.1,9.7,88.0,6,5.9,4.1,7,1.8,6
S0390,5.7,11.0,88.0,8,7.3,6.7,8,4.6,8
S0391,5.9,16.1,82.0,6,6.1,7.9,8,4.4,12
S0392,8.2,11.1,100.0,16,7.8,2.8,2,4.2,3
S0393,5.3,15.1,73.0,3,7.2,2.3,6,3.3,30
S0394,5.2,12.6,85.0,5,5.8,8.5,6,3.6,6
S0395,5.9,14.4,91.0,2,6.2,2.0,5,4.3,6
S0396,8.6,8.2,74.0,13,5.1,1.1,3,4.5,0
S0397,8.7,26.5,95.0,12,5.9,3.2,5,3.8,2
S0398,5.5,13.7,80.0,8,6.3,2.5,5,6.8,10
S0399,4.5,9.1,81.0,3,6.0,0.6,9,5.0,14
S0400,3.6,23.8,97.0,5,4.5,3.2,8,6.8,16
S0401,6.6,12.9,100.0,5,6.0,2.3,4,6.4,3
S0402,7.5,6.9,72.0,4,6.7,1.8,3,1.8,7
S0403,5.5,23.5,90.0,5,4.7,1.1,4,7.9,4
S0404,7.6,11.4,88.0,8,7.1,0.7,5,1.1,30
S0405,7.1,29.0,100.0,1,6.2,0.4,4,4.8,3
S0406,4.0,18.2,89.0,6,5.5,1.7,9,3.0,14
S0407,7.4,12.9,79.0,5,6.9,4.8,3,3.6,0
S0408,5.1,16.8,100.0,4,5.4,2.2,5,5.8,10
S0409,5.6,24.4,90.0,6,5.4,2.6,6,5.7,4
S0410,5.3,22.4,82.0,5,4.4,0.2,6,5.0,18
S0411,8.4,14.5,76.0,7,6.8,9.1,3,3.0,9
S0412,6.4,5.4,87.0,2,6.9,5.2,5,4.6,10
S0413,5.0,4.2,82.0,4,6.6,2.7,6,3.7,22
S0414,6.0,5.8,66.0,1,5.7,7.6,6,3.6,8
S0415,6.8,11.2,72.0,9,7.4,1.9,4,2.3,1
S0416,5.7,11.4,78.0,5,5.4,0.4,5,2.9,11
S0417,4.6,12.6,87.0,3,6.4,1.6,6,5.4,4
S0418,4.7,20.9,85.0,6,6.9,0.4,9,2.3,17
S0419,7.0,18.4,75.0,5,5.9,1.6,3,1.6,9
S0420,4.8,22.0,87.0,6,6.5,1.4,7,4.7,15
S0421,5.2,19.3,93.0,9,5.5,0.7,8,4.6,12
S0422,6.9,21.6,100.0,7,6.1,2.1,2,3.2,12
S0423,3.4,27.1,68.0,10,5.6,5.6,8,6.5,22
S0424,5.5,19.5,86.0,7,5.7,2.0,8,4.3,11
S0425,5.9,6.5,70.0,7,4.6,4.1,5,4.5,2
S0426,4.9,0.0,73.0,5,6.8,1.6,7,0.2,19
S0427,4.0,2.9,74.0,4,6.0,0.0,8,4.3,11
S0428,5.6,14.5,80.0,2,5.2,2.3,5,6.0,14
S0429,7.5,21.2,97.0,6,7.2,1.7,6,1.8,3
S0430,7.1,14.4,77.0,2,6.5,0.3,3,5.3,15
S0431,6.4,12.0,77.0,5,6.8,1.5,4,3.4,2
S0432,6.7,16.4,94.0,4,5.3,0.4,5,3.2,8
S0433,7.3,21.6,89.0,2,6.7,3.1,5,3.0,4
S0434,3.0,13.3,86.0,1,6.4,2.8,9,1.2,14
S0435,6.5,15.0,79.0,6,6.8,0.9,5,0.2,15
S0436,7.8,23.5,87.0,8,7.3,3.3,3,0.2,6
S0437,3.0,5.5,57.0,4,6.0,2.5,7,5.5,30
S0438,4.1,7.7,79.0,3,7.0,1.0,7,4.1,7
S0439,6.4,6.5,78.0,8,7.2,1.5,6,0.7,10
S0440,6.6,15.7,77.0,5,6.6,4.2,5,4.9,1
S0441,7.3,20.9,93.0,2,5.2,0.8,4,4.5,3
S0442,6.2,29.7,73.0,4,6.5,4.7,4,3.0,21
S0443,4.5,0.0,85.0,6,4.5,1.6,8,4.8,10
S0444,4.6,27.2,80.0,5,5.4,5.4,7,4.8,11
S0445,5.7,15.0,86.0,3,7.0,2.3,6,4.3,16
S0446,5.0,12.7,88.0,5,5.5,2.8,6,5.8,15
S0447,6.1,13.1,92.0,3,5.8,3.8,5,2.3,3
S0448,5.9,8.7,78.0,3,6.0,0.7,4,4.1,6
S0449,5.8,15.3,88.0,7,5.5,0.8,4,6.7,15
S0450,5.9,10.8,85.0,6,5.2,3.2,5,7.6,8
S0451,6.9,17.4,100.0,2,6.9,2.7,2,4.2,13
S0452,6.9,12.9,86.0,4,4.5,4.2,2,7.0,4
S0453,8.3,17.7,84.0,12,7.1,1.3,2,3.2,2
S0454,6.8,12.4,80.0,3,6.7,3.2,4,1.4,2
S0455,4.3,5.5,73.0,1,5.9,6.6,7,5.3,10
S0456,4.7,2.2,75.0,5,5.4,2.7,3,6.3,9
S0457,9.0,9.9,89.0,8,7.3,1.9,3,3.2,15
S0458,6.4,15.7,61.0,4,5.1,2.3,2,6.0,16
S0459,6.6,22.2,87.0,7,7.1,3.3,4,1.2,2
S0460,6.9,15.7,83.0,2,7.2,3.2,3,1.9,9
S0461,8.0,12.4,85.0,10,6.9,0.8,3,2.8,3
S0462,8.6,24.0,87.0,3,6.3,1.6,3,3.6,16
S0463,3.3,9.7,82.0,2,4.7,1.3,10,4.1,24
S0464,5.3,14.4,80.0,4,5.7,0.6,5,4.3,6
S0465,6.7,14.9,97.0,14,4.7,1.2,4,5.4,4
S0466,7.1,18.1,78.0,3,6.3,0.4,4,2.6,7
S0467,5.4,15.7,92.0,2,7.0,1.8,7,3.1,14
S0468,3.4,19.2,67.0,6,5.3,1.6,7,7.0,16
S0469,5.6,18.8,78.0,8,6.4,2.9,6,3.6,9
S0470,9.3,16.7,98.0,14,7.2,6.5,1,5.3,4
S0471,5.5,17.4,90.0,3,5.8,0.4,7,4.3,4
S0472,5.1,22.9,76.0,5,5.9,2.9,7,3.8,5
S0473,4.0,21.4,79.0,4,6.3,1.2,7,5.0,14
S0474,4.3,15.3,68.0,4,6.8,0.7,6,2.5,18
S0475,5.1,12.1,87.0,4,6.2,0.2,5,4.3,10
S0476,4.0,9.2,78.0,1,5.1,2.6,8,5.2,7
S0477,7.4,1.5,88.0,6,5.8,2.8,5,4.3,10
S0478,5.4,22.2,91.0,3,5.9,3.6,7,3.3,15
S0479,7.6,10.5,78.0,6,6.7,1.1,4,2.8,2
S0480,6.7,7.7,87.0,6,6.7,2.2,4,3.5,21
S0481,6.8,20.0,73.0,3,6.1,1.1,4,5.8,8
S0482,7.0,15.3,100.0,10,5.1,3.1,4,4.7,11
S0483,7.0,18.2,94.0,3,7.2,4.8,4,2.7,5
S0484,5.0,19.1,79.0,5,4.4,3.8,7,6.3,11
S0485,5.0,7.2,86.0,9,6.5,2.8,8,2.8,5
S0486,8.0,8.3,69.0,4,5.6,3.3,4,5.3,5
S0487,6.2,16.2,92.0,5,5.7,3.8,3,3.5,6
S0488,5.6,14.8,86.0,10,6.1,0.9,8,0.9,11
S0489,6.0,21.6,83.0,5,5.3,2.2,5,3.3,18
S0490,5.2,22.1,88.0,6,6.2,1.5,6,2.5,9
S0491,4.8,17.2,78.0,2,6.4,2.6,6,3.2,12
S0492,5.6,21.0,83.0,5,6.0,2.3,7,3.3,24
S0493,8.4,16.0,79.0,1,6.6,9.1,3,2.6,9
S0494,4.6,20.4,88.0,3,6.2,5.9,7,3.9,9
S0495,5.6,21.6,79.0,4,5.8,2.8,7,3.4,4
S0496,8.1,7.3,90.0,10,6.7,1.8,1,1.5,1
S0497,6.3,11.2,92.0,2,6.0,3.9,5,4.2,15
S0498,6.0,18.7,67.0,2,6.5,2.9,4,4.4,13
S0499,5.1,4.3,79.0,3,4.6,5.6,6,2.8,3
S0500,5.6,9.3,91.0,5,6.3,3.5,5,3.5,4
S0501,8.0,5.9,83.0,4,6.6,6.0,4,2.8,6
S0502,7.1,10.0,88.0,11,5.3,2.0,5,2.4,9
S0503,4.7,9.7,79.0,7,7.8,2.5,6,3.4,7
S0504,6.8,19.8,97.0,9,6.7,2.2,5,4.8,1
S0505,5.1,11.1,96.0,3,6.2,3.2,5,4.5,3
S0506,5.3,22.5,68.0,5,6.9,9.1,10,1.3,19
S0507,5.4,19.1,70.0,4,7.6,3.7,6,3.4,16
S0508,8.4,20.1,96.0,1,6.4,5.5,3,5.1,9
S0509,6.1,20.6,87.0,2,6.7,2.8,5,5.9,10
S0510,6.6,8.7,77.0,4,6.6,5.8,6,3.1,12
S0511,6.4,17.5,94.0,3,6.3,2.8,3,4.6,6
S0512,6.1,12.6,100.0,5,6.5,1.2,5,3.9,1
S0513,6.1,24.5,73.0,7,6.4,5.8,4,1.7,30
S0514,6.7,5.1,82.0,3,7.1,1.0,1,4.4,8
S0515,5.6,10.2,72.0,4,6.3,2.2,6,2.5,17
S0516,5.2,8.8,71.0,2,7.9,7.6,6,1.5,10
S0517,4.9,30.4,84.0,2,5.6,1.0,6,6.5,25
S0518,5.3,8.1,81.0,4,5.2,3.2,5,5.9,18
S0519,6.1,16.3,96.0,4,8.2,0.4,4,4.3,0
S0520,5.1,9.0,79.0,2,5.7,4.4,6,1.8,16
S0521,4.7,16.2,81.0,6,4.8,0.4,6,5.0,8
S0522,4.1,16.6,75.0,1,7.5,0.5,7,3.4,11
S0523,4.2,9.9,87.0,8,5.3,1.9,8,4.6,9
S0524,5.1,10.8,77.0,4,7.3,0.4,7,3.6,12
S0525,7.7,12.8,84.0,12,6.7,4.6,4,4.4,4
S0526,8.2,14.8,95.0,14,7.0,0.5,5,1.5,6
S0527,8.6,21.2,100.0,9,7.0,5.8,2,4.0,0
S0528,5.1,12.4,72.0,4,5.7,3.2,7,4.4,26
S0529,4.0,16.2,81.0,1,4.3,2.4,6,6.1,9
S0530,5.0,12.0,79.0,1,7.2,2.2,8,0.7,19
S0531,4.8,9.9,76.0,3,6.6,1.2,6,7.4,11
S0532,2.4,8.7,60.0,3,4.3,0.2,8,7.8,17
S0533,5.9,5.5,90.0,4,5.9,1.9,4,4.0,2
S0534,5.2,20.8,98.0,5,5.5,2.3,6,3.0,19
S0535,5.9,5.0,82.0,4,6.6,0.8,5,6.1,14
S0536,6.1,34.4,82.0,4,6.6,5.3,5,1.0,21
S0537,8.0,15.7,89.0,3,6.2,3.3,2,3.6,0
S0538,6.0,16.2,70.0,6,7.8,4.8,4,5.8,18
S0539,6.2,11.1,71.0,4,5.1,3.4,1,7.1,3
S0540,5.4,14.2,73.0,5,4.6,1.2,5,5.6,5
S0541,6.0,9.5,81.0,4,7.9,1.3,4,4.4,2
S0542,5.3,18.4,76.0,2,5.7,1.7,5,4.1,2
S0543,6.4,5.5,70.0,10,5.4,2.6,2,4.6,1
S0544,7.4,17.8,88.0,6,5.0,7.3,4,6.0,11
S0545,6.2,11.6,76.0,8,8.3,3.8,5,0.4,9
S0546,7.4,19.6,74.0,6,8.2,1.7,1,3.8,7
S0547,2.6,11.5,83.0,2,5.9,0.7,8,4.4,15
S0548,6.1,22.2,88.0,4,5.9,0.6,6,3.2,11
S0549,7.8,13.4,81.0,13,6.7,3.7,4,4.0,11
S0550,3.8,4.8,80.0,9,4.2,0.3,9,6.3,11
S0551,6.2,14.8,85.0,4,6.2,2.9,8,3.6,14
S0552,7.8,14.0,89.0,6,5.4,3.3,1,3.5,0
S0553,5.8,16.1,84.0,10,6.0,1.6,5,6.5,6
S0554,7.2,9.1,75.0,8,6.1,1.4,4,4.0,10
S0555,6.7,4.4,86.0,9,5.5,7.7,5,3.2,14
S0556,7.9,3.2,84.0,4,7.7,2.2,3,1.5,0
S0557,6.3,9.3,78.0,3,6.6,3.8,5,3.6,20
S0558,7.4,7.0,78.0,4,7.2,2.8,5,1.2,3
S0559,7.9,18.0,83.0,3,7.1,0.2,1,3.2,14
S0560,7.6,18.3,94.0,8,6.3,1.8,5,4.9,4
S0561,4.2,13.8,93.0,5,5.2,0.4,8,3.0,20
S0562,7.0,17.3,85.0,3,5.4,1.7,5,3.7,12
S0563,5.9,13.5,91.0,10,5.9,1.5,7,4.9,6
S0564,2.5,16.5,74.0,2,5.6,1.8,8,5.8,26
S0565,6.3,18.2,70.0,10,4.8,3.6,6,7.2,17
S0566,5.2,11.2,99.0,4,5.8,0.6,6,6.5,21
S0567,4.8,5.8,88.0,5,5.8,1.8,6,5.3,9
S0568,5.4,21.6,94.0,5,8.2,0.8,4,5.0,8
S0569,2.8,14.6,84.0,5,6.2,0.4,10,4.1,7
S0570,6.1,22.8,82.0,6,6.4,5.0,6,2.9,9
S0571,6.1,16.0,78.0,4,7.6,1.5,6,0.2,8
S0572,4.5,2.5,87.0,6,6.0,3.2,7,4.6,23
S0573,3.3,4.3,81.0,7,6.1,0.8,8,2.6,11
S0574,6.5,6.0,79.0,3,6.3,1.4,2,6.2,18
S0575,8.8,9.6,85.0,8,7.3,3.1,3,1.5,2
S0576,6.8,9.7,92.0,7,6.2,2.6,5,0.7,13
S0577,5.4,16.8,65.0,3,5.7,3.3,6,3.0,11
S0578,5.8,20.8,95.0,7,6.2,3.5,3,6.0,1
S0579,8.8,6.2,82.0,8,7.0,3.0,2,3.5,0
S0580,6.2,6.0,75.0,10,6.3,4.0,7,3.2,20
S0581,5.2,3.6,88.0,8,4.0,4.4,7,5.9,5
S0582,6.4,14.4,66.0,4,6.4,3.7,5,3.7,11
S0583,6.0,12.0,78.0,3,5.4,2.0,5,4.7,16
S0584,5.7,15.0,74.0,3,6.0,1.7,4,3.4,7
S0585,7.3,14.3,83.0,8,6.3,0.9,3,3.8,12
S0586,6.7,19.4,82.0,2,5.5,5.6,3,10.2,8
S0587,7.4,26.1,80.0,6,7.4,2.5,5,0.9,6
S0588,3.3,15.7,75.0,2,4.8,3.2,5,6.7,8
S0589,7.5,8.0,87.0,12,7.9,0.8,7,0.2,13
S0590,7.6,14.0,88.0,7,7.2,2.7,2,0.5,0
S0591,7.0,12.5,62.0,8,5.4,1.2,2,5.8,1
S0592,6.8,19.7,85.0,7,7.1,4.4,6,3.7,10
S0593,7.2,19.4,88.0,2,5.6,1.0,3,4.0,3
S0594,5.7,15.2,85.0,5,6.7,2.5,4,5.5,8
S0595,5.9,10.7,70.0,1,5.4,5.5,5,3.1,6
S0596,8.1,16.7,76.0,7,6.8,3.6,3,0.9,17
S0597,7.9,7.1,72.0,8,7.1,5.3,2,4.2,19
S0598,5.7,23.7,94.0,3,6.0,4.4,6,2.6,9
S0599,6.7,16.9,98.0,2,4.9,1.5,1,6.8,0
S0600,6.5,35.3,77.0,3,5.7,11.8,6,4.4,17
S0601,9.3,3.6,79.0,9,6.5,0.8,1,5.0,0
S0602,6.3,6.8,87.0,3,6.4,3.2,7,1.4,9
S0603,5.0,0.0,75.0,3,6.1,1.7,6,4.2,10
S0604,5.6,18.2,95.0,4,5.2,4.4,5,4.4,13
S0605,4.5,26.7,94.0,4,4.7,0.8,6,5.2,12
S0606,5.6,18.2,93.0,1,6.6,2.2,5,1.9,13
S0607,7.8,13.1,70.0,3,6.4,5.9,2,5.0,5
S0608,6.2,13.5,78.0,9,5.8,3.2,7,6.0,7
S0609,5.7,0.0,65.0,1,6.9,1.9,5,3.5,5
S0610,5.3,19.0,95.0,7,5.3,1.2,6,3.1,30
S0611,4.7,14.5,74.0,4,5.4,5.0,5,4.9,19
S0612,7.3,11.7,86.0,15,6.2,1.3,5,5.8,3
S0613,5.6,16.9,88.0,4,6.0,5.1,7,3.5,6
S0614,2.3,17.6,79.0,2,5.2,1.2,7,5.7,7
S0615,5.0,9.3,81.0,3,4.6,0.9,6,7.2,5
S0616,7.2,9.9,75.0,4,5.7,0.2,3,4.9,22
S0617,5.9,9.0,81.0,3,5.5,0.3,3,3.9,14
S0618,6.5,26.6,75.0,4,4.3,2.7,3,5.6,3
S0619,5.1,16.5,93.0,5,4.6,0.9,7,6.7,4
S0620,4.1,3.6,74.0,1,5.5,4.3,6,6.5,20
S0621,4.6,12.9,78.0,5,4.9,5.3,5,4.5,8
S0622,6.1,14.2,91.0,3,5.9,1.6,5,5.4,5
S0623,6.5,1.2,89.0,3,6.5,7.7,4,3.0,30
S0624,5.2,12.3,70.0,9,5.5,3.5,7,4.2,14
S0625,5.9,8.7,83.0,2,7.1,2.7,3,3.2,4
S0626,8.4,15.6,96.0,7,5.6,1.9,3,3.0,5
S0627,3.1,11.8,72.0,4,5.9,3.8,7,4.0,17
S0628,3.7,15.9,68.0,3,6.1,0.3,6,3.1,25
S0629,7.8,21.5,95.0,9,5.9,6.0,5,4.0,28
S0630,7.3,16.5,100.0,6,5.4,4.6,3,4.0,4
S0631,8.3,12.8,87.0,6,7.1,1.0,3,1.9,10
S0632,5.7,18.1,87.0,1,6.7,1.0,7,3.0,10
S0633,6.0,12.7,74.0,5,6.7,3.1,6,5.0,16
S0634,3.1,9.6,76.0,4,5.4,7.7,8,3.2,13
S0635,5.3,15.8,84.0,8,5.0,0.5,4,7.1,0
S0636,5.5,14.6,88.0,4,5.4,2.6,5,8.0,4
S0637,6.0,7.7,73.0,5,5.9,0.8,3,5.5,13
S0638,3.8,17.5,84.0,2,5.9,3.5,9,4.6,15
S0639,6.9,18.1,82.0,4,5.7,1.3,2,4.6,7
S0640,4.7,8.3,74.0,5,5.5,3.8,6,1.4,27
S0641,5.0,12.5,91.0,1,6.6,2.1,8,3.2,28
S0642,7.1,2.6,84.0,6,7.0,2.2,3,0.4,7
S0643,6.3,7.7,84.0,3,4.4,1.6,2,4.7,23
S0644,6.9,15.2,83.0,6,5.7,2.6,3,5.5,7
S0645,7.0,0.0,80.0,3,5.5,0.2,2,4.3,6
S0646,6.4,28.7,79.0,4,6.2,0.8,6,3.6,5
S0647,6.9,25.3,98.0,8,6.3,0.2,5,2.7,6
S0648,7.4,19.5,94.0,5,5.6,2.5,3,4.6,16
S0649,7.3,16.2,87.0,4,7.1,3.4,5,1.8,4
S0650,4.0,9.1,87.0,7,5.4,3.0,8,5.7,6
S0651,7.4,9.6,76.0,16,6.5,6.3,5,1.6,13
S0652,8.1,19.7,89.0,4,8.8,3.1,4,1.0,2
S0653,5.6,30.3,88.0,5,6.8,1.6,9,3.2,20
S0654,6.9,24.5,98.0,4,5.5,2.1,3,4.3,11
S0655,8.0,12.0,85.0,4,7.1,1.9,4,2.6,7
S0656,2.5,9.8,84.0,1,5.7,1.7,8,3.5,8
S0657,7.0,7.7,100.0,4,6.1,1.3,5,4.3,17
S0658,7.5,14.0,85.0,3,5.8,2.5,1,2.5,4
S0659,6.4,8.0,79.0,2,4.3,1.3,3,5.4,10
S0660,9.0,4.2,92.0,6,5.6,0.3,1,3.5,10
S0661,6.1,20.0,79.0,2,6.2,4.0,4,4.8,7
S0662,5.4,0.0,76.0,10,6.0,3.5,6,2.6,14
S0663,9.6,8.8,81.0,5,7.7,0.7,2,0.7,3
S0664,3.8,16.8,84.0,4,4.2,0.7,8,4.7,5
S0665,4.2,18.7,79.0,1,6.5,2.8,8,5.3,13
S0666,7.5,11.9,82.0,6,7.4,3.8,7,2.4,11
S0667,6.3,19.4,88.0,2,7.2,1.4,4,3.5,11
S0668,7.3,15.3,84.0,6,7.5,0.7,5,1.4,2
S0669,7.1,15.4,93.0,3,7.7,3.9,6,1.0,14
S0670,3.9,18.7,84.0,1,4.5,2.1,7,6.1,5
S0671,2.4,13.3,82.0,7,4.2,0.3,8,6.4,27
S0672,8.6,10.8,91.0,7,7.1,1.1,1,2.7,6
S0673,4.7,17.6,92.0,6,5.2,0.4,4,7.0,3
S0674,6.3,15.1,83.0,3,7.2,0.3,3,2.7,13
S0675,5.7,9.2,86.0,4,4.0,2.8,4,4.7,6
S0676,2.9,13.0,70.0,3,5.0,3.5,6,3.8,9
S0677,2.7,19.2,93.0,2,6.0,1.7,10,3.9,12
S0678,6.7,15.9,76.0,7,7.5,1.5,5,0.2,8
S0679,5.0,20.8,87.0,12,4.7,1.7,7,6.4,9
S0680,6.1,16.6,77.0,5,7.2,1.4,5,2.1,17
S0681,4.4,17.3,81.0,2,5.6,3.9,5,3.5,4
S0682,2.0,14.9,82.0,4,6.1,0.8,9,5.6,20
S0683,9.1,16.9,86.0,2,6.6,5.0,3,1.5,0
S0684,6.3,24.8,88.0,14,5.8,1.5,7,3.6,7
S0685,4.9,16.9,84.0,11,4.5,1.3,9,3.5,5
S0686,3.5,13.1,71.0,6,4.8,1.3,10,3.4,22
S0687,6.8,17.9,74.0,7,6.7,1.6,4,1.6,5
S0688,8.1,4.5,69.0,5,5.5,0.8,3,4.4,0
S0689,6.2,11.2,78.0,2,6.4,0.6,3,1.4,12
S0690,6.7,7.6,83.0,4,5.0,3.1,4,3.6,6
S0691,4.3,14.5,83.0,2,4.9,2.3,5,6.6,13
S0692,6.6,13.7,79.0,3,6.1,5.7,5,3.8,11
S0693,5.7,5.8,86.0,6,7.0,0.6,7,1.3,7
S0694,6.6,23.0,85.0,2,5.9,4.0,5,4.0,10
S0695,7.2,11.3,100.0,4,7.9,0.4,6,1.3,11
S0696,7.8,11.1,88.0,12,6.8,0.4,2,2.2,0
S0697,7.6,25.0,78.0,2,5.7,2.1,4,4.0,9
S0698,6.8,17.2,79.0,4,6.8,0.1,5,2.3,7
S0699,9.6,22.4,78.0,12,7.2,3.8,1,3.3,15
S0700,6.7,16.2,90.0,2,6.6,0.4,5,0.2,14
S0701,6.1,7.9,87.0,3,6.9,4.4,7,3.5,12
S0702,5.7,13.6,86.0,5,5.4,5.0,5,5.5,8
S0703,5.5,3.0,81.0,2,6.7,1.2,6,0.2,15
S0704,7.2,13.5,82.0,6,4.9,2.9,5,3.3,13
S0705,7.0,22.0,81.0,9,6.0,0.3,3,5.8,6
S0706,5.2,11.1,70.0,3,7.5,0.8,5,4.4,17
S0707,5.6,0.0,72.0,4,7.0,0.3,4,3.9,28
S0708,6.1,15.5,88.0,4,5.7,4.1,5,4.2,4
S0709,5.9,9.4,98.0,2,5.6,4.2,5,4.5,2
S0710,5.6,15.2,86.0,1,5.3,1.9,5,5.6,4
S0711,6.0,5.7,77.0,4,4.2,1.6,2,7.1,10
S0712,6.2,19.8,85.0,11,4.7,3.6,5,4.5,1
S0713,4.5,5.0,70.0,5,6.3,0.7,9,3.3,11
S0714,3.9,7.7,75.0,7,5.1,1.5,7,6.1,13
S0715,5.3,13.6,69.0,8,5.3,1.3,5,5.5,15
S0716,9.1,16.1,82.0,12,6.2,13.0,4,4.8,8
S0717,4.7,9.3,85.0,3,5.7,0.7,7,4.6,17
S0718,7.6,9.8,89.0,4,6.0,0.9,5,3.2,9
S0719,8.0,17.2,76.0,13,6.7,2.4,2,1.5,9
S0720,7.0,9.9,65.0,6,5.8,0.8,4,5.7,8
S0721,5.9,10.2,85.0,4,4.9,0.7,8,2.1,7
S0722,8.9,15.7,82.0,6,6.6,0.6,2,1.7,0
S0723,8.2,9.8,89.0,11,6.4,0.9,5,2.3,10
S0724,7.4,13.3,84.0,3,7.1,1.3,4,4.3,9
S0725,6.9,31.7,92.0,10,6.7,9.1,5,5.4,4
S0726,6.7,24.5,85.0,6,6.3,2.1,4,4.7,6
S0727,6.0,13.2,81.0,13,5.4,1.9,3,6.9,7
S0728,9.6,11.3,99.0,6,7.5,0.5,1,0.2,5
S0729,5.4,11.6,75.0,2,6.2,1.0,5,6.7,22
S0730,5.9,14.4,76.0,6,5.2,1.3,5,3.6,5
S0731,5.5,13.3,81.0,7,6.0,1.3,5,5.7,10
S0732,7.6,19.6,99.0,9,7.0,2.1,3,0.2,4
S0733,8.2,11.3,87.0,5,7.3,5.8,4,3.7,11
S0734,3.0,16.2,83.0,4,5.5,2.7,9,9.1,16
S0735,6.3,0.0,77.0,3,5.7,2.0,3,3.0,16
S0736,4.6,11.2,78.0,5,4.9,0.6,4,6.8,4
S0737,7.0,16.5,91.0,3,7.9,2.3,3,4.1,8
S0738,6.1,16.9,77.0,4,7.1,2.1,5,5.0,10
S0739,7.4,15.0,96.0,8,7.6,4.6,6,1.7,10
S0740,4.0,12.3,72.0,7,6.0,0.7,7,3.9,11
S0741,4.3,14.2,87.0,6,3.8,2.1,5,7.7,11
S0742,4.7,12.3,100.0,5,3.9,0.2,5,6.4,18
S0743,5.2,12.2,95.0,1,5.9,0.4,6,3.3,15
S0744,4.8,9.6,80.0,6,5.9,1.8,6,4.6,8
S0745,6.6,22.4,99.0,10,6.4,4.3,5,3.9,2
S0746,4.6,14.0,74.0,2,4.7,0.6,5,5.7,21
S0747,3.2,12.9,83.0,4,3.9,3.4,8,6.0,6
S0748,6.4,12.6,96.0,2,6.2,1.2,4,4.9,8
S0749,6.1,17.7,97.0,10,8.2,3.5,5,3.9,4
S0750,7.2,3.1,86.0,6,7.8,0.7,3,4.9,3
S0751,7.1,15.3,93.0,2,6.2,1.6,4,4.6,1
S0752,4.7,20.9,83.0,4,5.3,2.5,8,4.3,26
S0753,6.2,20.6,72.0,3,6.8,1.5,4,4.1,2
S0754,5.4,21.4,91.0,4,6.1,4.6,6,1.6,4
S0755,4.8,17.6,82.0,12,7.2,1.1,9,3.0,11
S0756,6.6,14.9,75.0,4,5.9,1.5,6,2.8,12
S0757,7.3,17.9,88.0,4,7.3,2.8,5,5.1,7
S0758,5.9,13.8,85.0,4,5.6,1.9,3,4.0,0
S0759,7.1,8.2,74.0,3,5.7,3.8,1,5.0,22
S0760,6.9,11.0,87.0,3,5.2,1.2,3,4.3,1
S0761,7.6,18.9,71.0,4,7.0,4.5,3,1.8,13
S0762,6.3,9.1,87.0,7,6.3,4.6,7,4.2,10
S0763,5.6,19.6,96.0,7,6.5,1.2,6,3.6,15
S0764,6.8,22.1,90.0,4,6.2,4.7,2,5.3,2
S0765,4.3,11.1,78.0,5,5.5,3.0,6,3.2,8
S0766,6.2,3.0,79.0,3,6.2,0.6,4,5.5,18
S0767,5.6,12.5,80.0,6,7.4,4.1,9,2.2,15
S0768,3.7,18.1,71.0,7,5.8,1.6,8,5.0,16
S0769,7.0,10.9,87.0,7,7.1,0.7,6,4.1,7
S0770,8.9,12.3,84.0,9,5.9,1.1,4,3.1,6
S0771,3.9,13.1,78.0,3,5.9,1.8,9,1.3,18
S0772,5.5,14.9,73.0,3,7.4,1.6,7,0.6,12
S0773,3.5,19.4,79.0,6,3.6,4.0,7,7.8,9
S0774,6.3,26.5,61.0,10,5.6,0.4,6,1.7,6
S0775,5.7,2.3,73.0,3,5.2,1.7,5,5.7,11
S0776,5.5,11.9,100.0,4,6.8,1.2,7,2.8,7
S0777,7.8,21.9,100.0,9,5.5,1.0,4,4.5,12
S0778,6.0,13.1,88.0,7,4.3,1.3,7,4.8,12
S0779,7.9,15.2,88.0,2,7.0,0.4,6,3.2,14
S0780,8.5,13.0,93.0,5,5.6,5.5,2,4.9,14
S0781,5.9,19.3,91.0,8,6.6,3.4,6,1.9,14
S0782,4.5,21.5,86.0,3,5.3,2.0,5,5.5,2
S0783,6.3,11.7,81.0,5,5.1,2.9,4,6.1,6
S0784,6.1,1.8,69.0,2,6.9,0.9,5,2.8,20
S0785,3.1,10.4,85.0,5,4.9,1.3,7,4.2,16
S0786,6.8,25.9,96.0,6,6.3,1.8,3,4.5,8
S0787,7.1,9.6,85.0,4,6.5,2.6,3,4.2,4
S0788,5.4,8.0,76.0,7,5.7,2.2,7,4.2,10
S0789,6.8,19.4,87.0,10,6.6,3.6,6,3.1,6
S0790,7.9,16.6,86.0,3,4.7,1.8,2,4.1,0
S0791,7.4,4.2,78.0,4,6.9,3.6,5,2.6,5
S0792,9.3,9.6,81.0,12,7.1,2.5,2,2.6,10
S0793,6.0,21.2,93.0,11,6.2,3.1,7,4.9,15
S0794,5.2,12.0,79.0,6,5.4,0.7,6,2.7,8
S0795,5.8,18.0,87.0,9,5.4,9.0,6,2.8,7
S0796,6.7,19.8,87.0,6,5.3,2.9,2,2.7,8
S0797,6.5,6.9,88.0,9,5.0,2.4,4,5.4,6
S0798,3.6,12.3,81.0,2,6.8,0.7,7,1.6,29
S0799,7.8,26.1,87.0,2,4.4,4.3,2,6.3,1
S0800,3.4,12.5,80.0,4,4.2,3.4,6,7.8,7
S0801,6.6,12.6,74.0,14,6.4,0.6,5,3.8,15
S0802,8.1,17.5,82.0,18,5.1,1.7,5,4.7,8
S0803,7.3,14.1,80.0,19,6.4,3.7,3,7.1,13
S0804,6.0,14.5,81.0,4,6.5,1.5,6,3.1,3
S0805,6.5,23.2,90.0,5,7.3,3.1,6,2.9,5
S0806,4.9,4.6,93.0,7,5.7,6.4,7,5.3,6
S0807,1.2,0.0,69.0,3,5.2,0.5,10,4.0,17
S0808,4.6,9.3,83.0,3,5.4,0.3,5,8.4,8
S0809,7.6,31.3,97.0,12,7.2,0.2,5,1.8,2
S0810,8.3,17.1,71.0,4,7.4,0.9,3,0.7,1
S0811,4.8,17.7,85.0,7,5.7,3.7,9,4.3,27
S0812,5.8,16.8,79.0,3,7.4,1.2,4,3.5,15
S0813,4.0,26.8,63.0,1,6.3,1.1,7,1.4,9
S0814,6.3,10.1,99.0,3,4.4,1.8,3,5.6,3
S0815,6.2,5.2,74.0,1,6.0,5.2,5,4.2,5
S0816,5.3,12.2,99.0,1,4.1,1.6,6,8.2,7
S0817,6.8,1.2,74.0,8,7.0,4.5,6,0.9,5
S0818,5.6,30.1,78.0,6,7.1,2.3,5,1.5,17
S0819,7.2,19.8,88.0,3,7.4,8.9,7,3.7,5
S0820,7.8,12.6,95.0,12,6.2,5.0,5,3.1,4
S0821,4.9,18.2,83.0,4,5.4,2.7,7,6.8,10
S0822,5.5,23.7,79.0,5,6.0,2.5,5,4.4,23
S0823,5.1,21.0,82.0,2,5.5,0.5,7,6.0,5
S0824,6.1,25.0,91.0,1,7.2,4.2,4,2.2,2
S0825,5.6,22.4,90.0,3,7.0,4.3,8,4.6,13
S0826,6.6,14.8,93.0,7,6.8,0.6,5,5.1,10
S0827,5.9,19.4,91.0,5,5.6,2.1,5,4.9,3
S0828,6.9,23.8,81.0,3,4.4,1.2,4,4.5,1
S0829,5.0,18.3,88.0,8,5.2,2.2,7,3.9,6
S0830,4.8,19.6,85.0,10,5.0,2.6,6,9.0,9
S0831,5.8,3.9,82.0,5,5.9,6.1,5,4.6,4
S0832,4.5,6.4,74.0,6,6.3,4.0,8,4.6,29
S0833,6.4,21.3,85.0,2,7.3,1.2,4,3.2,5
S0834,5.4,8.4,82.0,5,6.9,1.6,7,4.1,4
S0835,3.8,23.4,100.0,2,5.4,2.5,8,5.0,12
S0836,8.5,9.7,69.0,3,8.0,0.2,2,2.1,18
S0837,4.2,19.7,100.0,4,3.5,2.2,7,7.0,5
S0838,5.5,17.6,86.0,9,5.6,1.9,6,4.2,18
S0839,6.0,7.9,80.0,5,5.8,4.0,6,6.5,10
S0840,6.8,11.6,83.0,9,6.2,3.7,6,2.0,10
S0841,7.1,11.0,75.0,3,5.4,1.4,3,5.7,4
S0842,6.3,10.2,87.0,1,8.1,4.4,6,1.6,8
S0843,4.4,19.2,88.0,7,4.5,2.9,6,5.1,6
S0844,6.7,17.7,84.0,5,7.3,1.9,2,6.1,9
S0845,4.5,4.9,74.0,3,4.4,1.9,5,8.1,11
S0846,6.3,9.8,87.0,6,6.9,2.6,3,1.4,0
S0847,3.7,17.0,70.0,4,4.7,3.1,5,5.9,20
S0848,7.2,19.8,83.0,5,6.0,0.9,3,6.9,5
S0849,7.5,24.2,90.0,9,6.4,5.4,5,2.4,9
S0850,9.4,19.8,78.0,14,6.2,1.9,2,1.6,12
S0851,7.0,9.4,88.0,3,6.1,2.6,4,2.4,2
S0852,7.8,12.5,99.0,9,4.0,5.3,4,4.6,21
S0853,5.5,8.9,81.0,4,6.0,2.4,5,2.5,3
S0854,6.4,18.9,71.0,3,6.0,9.6,7,1.7,14
S0855,3.6,19.4,76.0,9,6.6,1.4,10,5.7,14
S0856,7.6,10.9,76.0,9,5.5,5.7,2,4.7,1
S0857,5.6,13.2,97.0,8,5.9,3.0,7,3.4,10
S0858,5.6,29.0,84.0,7,5.6,3.0,5,4.6,4
S0859,5.9,18.2,87.0,1,7.2,8.6,5,0.8,13
S0860,6.9,4.7,79.0,6,7.1,1.0,5,3.0,5
S0861,6.0,13.7,86.0,6,5.4,1.2,5,4.4,3
S0862,6.5,11.5,80.0,8,6.0,2.4,5,4.7,10
S0863,4.8,11.1,75.0,7,6.6,1.2,7,2.2,16
S0864,4.3,4.0,99.0,3,6.4,0.4,8,5.0,5
S0865,5.8,13.2,86.0,6,7.1,0.3,6,0.5,8
S0866,5.9,7.1,76.0,8,7.0,2.6,5,3.0,1
S0867,6.1,18.3,91.0,4,6.5,1.7,6,2.4,4
S0868,6.0,11.5,88.0,7,5.6,0.9,6,6.5,13
S0869,3.9,7.0,72.0,14,4.3,4.4,9,8.4,19
S0870,5.9,10.8,81.0,4,5.5,0.7,3,4.7,1
S0871,10.0,29.9,92.0,7,7.8,2.1,2,0.5,7
S0872,6.7,3.7,74.0,8,6.5,2.4,5,0.9,15
S0873,6.2,8.7,81.0,8,4.6,2.2,6,5.5,18
S0874,4.7,13.4,80.0,6,6.0,1.1,5,7.4,22
S0875,4.6,8.9,81.0,7,5.1,4.6,6,3.2,12
S0876,7.5,10.4,75.0,7,8.2,2.7,1,4.7,7
S0877,5.8,7.6,81.0,5,6.7,0.6,4,1.6,15
S0878,6.0,8.6,78.0,4,6.3,0.5,4,1.4,26
S0879,6.9,19.9,75.0,3,5.3,2.4,2,5.9,2
S0880,6.0,16.5,98.0,6,5.0,3.0,4,7.0,6
S0881,4.9,9.0,68.0,3,5.6,2.4,5,4.7,15
S0882,5.8,17.1,80.0,4,6.5,5.6,6,4.4,3
S0883,9.2,12.8,73.0,6,7.1,1.0,3,4.2,20
S0884,8.2,15.5,88.0,8,8.1,1.6,2,3.3,0
S0885,7.5,13.5,91.0,5,6.9,1.1,6,3.4,5
S0886,2.9,8.6,64.0,2,5.0,4.2,9,6.4,9
S0887,6.2,18.3,76.0,3,6.0,5.7,5,4.8,5
S0888,6.1,8.3,78.0,2,5.6,2.1,5,4.5,30
S0889,8.1,14.3,82.0,10,8.5,1.7,3,4.4,9
S0890,7.2,22.3,94.0,6,6.1,3.7,5,2.2,6
S0891,5.7,27.4,82.0,8,5.5,3.9,8,3.1,14
S0892,8.7,17.0,72.0,3,7.7,3.0,1,4.5,4
S0893,5.7,10.9,80.0,3,6.4,2.9,7,3.0,9
S0894,8.1,18.1,80.0,6,7.2,2.0,1,1.3,0
S0895,2.3,1.1,78.0,2,4.1,0.5,8,5.2,11
S0896,4.4,9.5,85.0,2,6.1,3.1,7,4.5,8
S0897,5.9,15.4,74.0,8,7.0,4.5,4,2.5,5
S0898,5.2,12.6,78.0,10,5.9,0.2,6,3.6,18
S0899,2.7,8.9,69.0,5,5.4,2.0,8,5.3,17
S0900,7.4,5.7,88.0,9,6.0,2.4,3,4.0,10
S0901,4.4,16.9,67.0,4,5.7,2.1,7,5.1,8
S0902,5.9,17.1,73.0,6,5.8,1.1,6,4.4,16
S0903,5.6,0.0,84.0,2,6.3,2.0,5,5.1,11
S0904,2.4,16.3,70.0,4,5.8,0.2,8,4.6,19
S0905,7.7,27.1,91.0,4,5.8,4.7,2,4.9,0
S0906,6.6,11.1,84.0,9,5.5,4.2,5,5.6,3
S0907,5.5,20.0,78.0,2,5.7,1.2,3,5.8,7
S0908,5.4,4.6,70.0,2,5.0,2.7,5,7.0,30
S0909,3.9,4.7,79.0,4,5.2,2.5,6,7.0,5
S0910,7.5,17.2,90.0,1,6.4,2.3,2,3.6,5
S0911,5.6,10.7,86.0,8,7.0,5.3,6,0.5,8
S0912,6.8,17.0,88.0,3,4.6,1.5,6,3.8,11
S0913,6.5,13.9,77.0,3,5.7,0.7,4,6.2,8
S0914,5.0,10.7,81.0,2,6.0,0.5,5,4.2,1
S0915,4.0,16.7,84.0,2,7.6,0.4,7,2.9,7
S0916,6.5,10.5,87.0,4,6.6,1.2,6,1.1,11
S0917,5.7,12.8,81.0,4,6.0,1.1,8,3.0,22
S0918,6.9,12.7,71.0,3,5.7,2.1,3,4.7,2
S0919,7.7,8.3,77.0,3,6.2,4.4,3,5.2,7
S0920,6.3,21.6,91.0,5,7.3,1.2,7,3.1,9
S0921,7.8,17.0,76.0,7,6.3,0.7,2,1.5,7
S0922,2.3,9.1,78.0,2,5.4,0.2,7,6.2,25
S0923,9.4,20.6,80.0,10,8.0,9.0,5,0.6,4
S0924,5.2,12.6,95.0,10,5.4,1.8,6,7.4,11
S0925,5.4,8.9,83.0,1,4.5,3.2,4,4.3,19
S0926,5.9,18.0,86.0,10,4.0,1.2,7,3.3,9
S0927,5.2,22.5,94.0,6,6.8,3.6,8,2.4,14
S0928,4.6,4.4,74.0,6,4.9,11.1,8,4.2,17
S0929,5.3,10.9,74.0,8,7.5,0.3,6,2.3,25
S0930,8.5,13.5,97.0,5,6.5,2.4,3,4.8,0
S0931,6.1,18.9,71.0,4,7.3,1.6,7,3.0,13
S0932,7.0,19.0,86.0,3,6.2,8.3,5,5.1,9
S0933,4.4,10.4,68.0,4,7.4,3.0,8,2.4,13
S0934,8.1,14.1,90.0,3,7.3,1.3,2,1.7,4
S0935,7.0,15.1,79.0,3,6.7,12.2,6,1.5,7
S0936,6.2,22.7,90.0,6,5.7,0.5,4,6.5,2
S0937,6.2,17.1,100.0,3,5.8,1.8,5,4.2,12
S0938,5.0,11.3,88.0,4,6.4,1.7,7,3.9,14
S0939,4.6,13.1,93.0,3,3.5,5.6,7,7.1,8
S0940,5.0,28.4,84.0,7,6.8,2.6,8,2.4,27
S0941,5.4,10.7,86.0,1,5.8,3.2,6,5.3,5
S0942,4.1,10.2,78.0,4,5.0,2.8,6,4.7,15
S0943,5.5,10.7,90.0,11,6.9,2.5,6,4.7,3
S0944,6.0,7.5,73.0,9,4.4,3.3,3,5.6,6
S0945,5.4,17.4,89.0,7,4.3,1.5,7,5.2,24
S0946,7.2,11.0,82.0,4,5.9,5.1,4,7.3,3
S0947,7.7,15.3,85.0,6,6.0,4.4,4,3.0,5
S0948,6.7,11.3,79.0,9,6.4,2.5,6,1.5,12
S0949,6.7,9.5,85.0,10,5.7,3.1,4,4.8,12
S0950,6.9,7.2,98.0,6,6.5,1.1,4,2.5,7
S0951,8.0,5.9,83.0,4,6.7,5.0,1,5.9,13
S0952,8.3,3.3,78.0,2,6.6,3.9,3,3.6,3
S0953,6.2,12.6,79.0,5,6.1,1.0,3,6.0,8
S0954,5.5,10.1,70.0,6,6.1,1.9,4,7.7,7
S0955,4.4,11.3,82.0,3,6.5,1.2,6,4.4,7
S0956,7.6,21.0,88.0,6,5.9,3.5,5,3.9,9
S0957,4.9,28.8,90.0,4,5.3,0.1,5,3.4,12
S0958,6.6,11.3,75.0,3,5.2,4.9,5,4.5,3
S0959,6.9,11.3,78.0,14,6.3,2.9,7,2.7,14
S0960,5.9,14.0,100.0,5,5.7,5.7,7,5.5,13
S0961,4.1,13.4,76.0,6,5.1,0.1,6,6.1,7
S0962,7.6,17.9,85.0,5,7.3,3.4,5,2.2,5
S0963,4.5,17.4,81.0,9,5.2,0.5,7,8.4,5
S0964,5.7,11.0,85.0,6,5.1,2.3,5,3.4,7
S0965,5.3,19.0,79.0,1,5.7,1.2,5,4.5,13
S0966,4.1,17.4,83.0,6,5.5,2.6,6,4.6,17
S0967,7.9,4.0,84.0,14,6.6,1.9,4,2.6,4
S0968,5.1,14.7,76.0,1,4.3,0.1,3,7.4,17
S0969,7.1,10.6,67.0,5,6.7,2.6,3,0.2,1
S0970,7.3,9.5,100.0,11,4.8,2.7,5,3.1,2
S0971,6.1,9.1,77.0,7,6.2,1.0,6,1.3,4
S0972,5.1,15.1,92.0,11,5.1,0.3,6,4.2,6
S0973,4.9,11.1,72.0,1,6.2,1.0,4,6.1,21
S0974,7.2,21.1,82.0,20,6.0,3.9,6,5.6,7
S0975,7.7,22.0,91.0,10,7.6,4.4,5,1.6,3
S0976,6.7,12.9,78.0,5,6.5,2.0,4,3.5,17
S0977,1.6,9.1,80.0,1,5.0,2.5,10,3.3,23
S0978,6.4,6.7,79.0,2,7.2,0.9,4,3.4,2
S0979,7.8,10.2,79.0,4,6.0,0.5,4,1.4,2
S0980,6.8,14.8,90.0,3,6.1,6.5,6,4.7,8
S0981,6.2,11.0,88.0,3,7.5,9.2,8,0.2,7
S0982,4.5,18.9,81.0,1,4.9,2.2,5,8.1,12
S0983,4.8,6.9,86.0,6,5.3,5.6,8,4.1,5
S0984,7.0,3.9,95.0,7,6.3,0.5,3,3.1,3
S0985,6.4,14.0,63.0,12,5.8,2.7,5,2.6,13
S0986,6.3,18.9,100.0,5,5.5,5.8,5,6.5,2
S0987,5.0,15.2,79.0,4,5.8,0.1,5,3.3,12
S0988,7.3,16.7,85.0,8,5.9,1.6,5,6.2,12
S0989,7.6,8.7,85.0,10,6.0,2.5,5,2.2,2
S0990,5.0,21.7,93.0,5,4.5,4.1,5,3.6,2
S0991,8.1,16.6,78.0,5,6.6,0.7,3,3.0,11
S0992,4.9,13.7,89.0,10,5.7,0.8,6,4.4,7
S0993,4.8,23.7,76.0,8,6.5,1.5,6,5.6,8
S0994,6.2,8.7,59.0,3,8.2,1.9,6,1.6,16
S0995,4.1,13.7,88.0,9,5.6,1.0,8,6.1,16
S0996,5.0,8.9,75.0,6,5.8,1.2,6,2.7,17
S0997,5.4,13.5,87.0,4,4.2,4.8,6,4.5,9
S0998,6.9,16.7,84.0,7,7.8,0.6,8,1.1,6
S0999,5.1,12.0,79.0,3,5.6,2.3,5,3.3,3
S1000,8.1,9.1,73.0,2,7.4,1.4,2,3.1,1
